
[1m[30m[46m RUN [49m[39m[22m [36mv4.1.11 [39m[90mC:/Users/ThomasBray/AppData/Local/Temp/opencode/parity-con-01[39m
      [2mCoverage enabled with [22m[33mistanbul[39m

[90mstdout[2m | test/executions.test.ts[2m > [22m[2mtraverses HTTP -> D1 -> Workflow -> HTTP Integration -> D1, and reuses a submission
[22m[39mWRANGNAROK_REQUEST {"method":"POST","route":"POST /api/executions","status":202,"durationMs":57}

[90mstdout[2m | test/ninjaone.test.ts[2m > [22m[2mlists NinjaOne organizations end to end and reuses a submission
[22m[39mWRANGNAROK_REQUEST {"method":"POST","route":"POST /api/executions","status":202,"durationMs":74}

[90mstdout[2m | test/secret-scrub-live.test.ts[2m > [22m[2mscrubs credential and token substrings across a successful ninja Execution
[22m[39mWRANGNAROK_REQUEST {"method":"POST","route":"POST /api/executions","status":202,"durationMs":87}

[90mstdout[2m | test/resilience.test.ts[2m > [22m[2mwakes from the native sleep step and continues to success
[22m[39mWRANGNAROK_REQUEST {"method":"POST","route":"POST /api/executions","status":202,"durationMs":100}

[90mstdout[2m | test/ninja-echo-digest.test.ts[2m > [22m[2mruns the NinjaOne census through the echo Integration end to end
[22m[39mWRANGNAROK_REQUEST {"method":"POST","route":"POST /api/executions","status":202,"durationMs":96}

[90mstdout[2m | test/timeout-sweeper.test.ts[2m > [22m[2mleaves a stuck Running execution alone until its owner cancels it
[22m[39mWRANGNAROK_REQUEST {"method":"POST","route":"POST /api/executions","status":202,"durationMs":74}

[90mstdout[2m | test/ninjaone.test.ts[2m > [22m[2mlists NinjaOne organizations end to end and reuses a submission
[22m[39mWRANGNAROK_REQUEST {"method":"GET","route":"GET /api/executions/a2af3934cee5dc78648ad4988fee1c3e164ede1492dbc025f080791563990d40","status":200,"durationMs":14}

[90mstdout[2m | test/secret-scrub-live.test.ts[2m > [22m[2mscrubs credential and token substrings across a successful ninja Execution
[22m[39mWRANGNAROK_REQUEST {"method":"GET","route":"GET /api/executions/ac4f63bb00d1879c368d91be535cb97536bae68630d67369f1b1824513ee6c68","status":200,"durationMs":17}

[90mstdout[2m | test/timeout-sweeper.test.ts[2m > [22m[2mleaves a stuck Running execution alone until its owner cancels it
[22m[39mWRANGNAROK_REQUEST {"method":"GET","route":"GET /api/executions/04ccf14778a2942a4fd76996db0be6f8eaf97c35431c9bb351155ea938c8b206","status":200,"durationMs":24}

[90mstdout[2m | test/secret-scrub-live.test.ts[2m > [22m[2mscrubs credential and token substrings across a successful ninja Execution
[22m[39mWRANGNAROK_REQUEST {"method":"GET","route":"GET /api/executions","status":200,"durationMs":4}

[90mstdout[2m | test/secret-scrub-live.test.ts[2m > [22m[2mscrubs credential and token substrings across a successful ninja Execution
[22m[39mWRANGNAROK_REQUEST {"method":"POST","route":"POST /api/executions","status":202,"durationMs":33}

[90mstdout[2m | test/timeout-sweeper.test.ts[2m > [22m[2mleaves a stuck Running execution alone until its owner cancels it
[22m[39mWRANGNAROK_REQUEST {"method":"GET","route":"GET /api/executions/04ccf14778a2942a4fd76996db0be6f8eaf97c35431c9bb351155ea938c8b206","status":200,"durationMs":9}

[90mstdout[2m | test/timeout-sweeper.test.ts[2m > [22m[2mleaves a stuck Running execution alone until its owner cancels it
[22m[39mWRANGNAROK_REQUEST {"method":"GET","route":"GET /api/executions/04ccf14778a2942a4fd76996db0be6f8eaf97c35431c9bb351155ea938c8b206","status":200,"durationMs":10}

[90mstdout[2m | test/ninjaone.test.ts[2m > [22m[2mlists NinjaOne organizations end to end and reuses a submission
[22m[39mWRANGNAROK_REQUEST {"method":"POST","route":"POST /api/executions","status":200,"durationMs":7}

[90mstdout[2m | test/ninjaone.test.ts[2m > [22m[2mexposes no secret material on discovery, history, or detail surfaces
[22m[39mWRANGNAROK_REQUEST {"method":"POST","route":"POST /api/executions","status":202,"durationMs":25}

[90mstdout[2m | test/ninjaone.test.ts[2m > [22m[2mexposes no secret material on discovery, history, or detail surfaces
[22m[39mWRANGNAROK_REQUEST {"method":"GET","route":"GET /api/sagas","status":200,"durationMs":0}

[90mstdout[2m | test/redaction.test.ts[2m > [22m[2mshapes structured errors to exactly {code, message} on every path
[22m[39mWRANGNAROK_REQUEST {"method":"POST","route":"POST /api/executions","status":400,"durationMs":1}

[90mstdout[2m | test/redaction.test.ts[2m > [22m[2mshapes structured errors to exactly {code, message} on every path
[22m[39mWRANGNAROK_REQUEST {"method":"GET","route":"GET /api/executions","status":401,"durationMs":1}

[90mstdout[2m | test/redaction.test.ts[2m > [22m[2mshapes structured errors to exactly {code, message} on every path
[22m[39mWRANGNAROK_REQUEST {"method":"GET","route":"GET /api/executions/0000000000000000000000000000000000000000000000000000000000000000","status":404,"durationMs":4}

[90mstdout[2m | test/redaction.test.ts[2m > [22m[2mshapes Workflow results to exact vendor-free summaries
[22m[39mWRANGNAROK_REQUEST {"method":"POST","route":"POST /api/executions","status":202,"durationMs":33}

[90mstdout[2m | test/secret-scrub-live.test.ts[2m > [22m[2mscrubs vendor-error substrings on the rejection path and maps transport errors
[22m[39mWRANGNAROK_REQUEST {"method":"POST","route":"POST /api/executions","status":202,"durationMs":29}

[90mstdout[2m | test/ninjaone.test.ts[2m > [22m[2mexposes no secret material on discovery, history, or detail surfaces
[22m[39mWRANGNAROK_REQUEST {"method":"GET","route":"GET /api/executions","status":200,"durationMs":4}

[90mstdout[2m | test/ninjaone.test.ts[2m > [22m[2mexposes no secret material on discovery, history, or detail surfaces
[22m[39mWRANGNAROK_REQUEST {"method":"GET","route":"GET /api/executions/a2af3934cee5dc78648ad4988fee1c3e164ede1492dbc025f080791563990d40","status":200,"durationMs":9}

[90mstdout[2m | test/ninjaone.test.ts[2m > [22m[2mpersists NINJA_UNAUTHORIZED without copying vendor bodies
[22m[39mWRANGNAROK_REQUEST {"method":"POST","route":"POST /api/executions","status":202,"durationMs":24}

uncaught exception; source = Uncaught (in promise); stack = NonRetryableError: NINJA_UNAUTHORIZED
    at Object.run (C:/Users/ThomasBray/AppData/Local/Temp/opencode/parity-con-01/src/sagas/ninjaorgs.ts:122:13)
    at executeSaga (C:/Users/ThomasBray/AppData/Local/Temp/opencode/parity-con-01/src/sagas/shared.ts:38:20)
uncaught exception; exception = workerd/api/actor-state.c++:1197: failed: broken.outputGateBroken; jsg.Error: Aborting engine: A step threw a NonRetryableError
stack: 7ff6c4549690
uncaught exception; exception = workerd/api/actor-state.c++:1197: failed: broken.outputGateBroken; jsg.Error: Aborting engine: A step threw a NonRetryableError
stack: 7ff6c4549690
[90mstdout[2m | test/redaction.test.ts[2m > [22m[2mshapes Workflow results to exact vendor-free summaries
[22m[39mWRANGNAROK_REQUEST {"method":"GET","route":"GET /api/executions/bf0cbd80c177a5573c3440a50134d62442d50ce707924d6b8f8d36b6494ed38e","status":200,"durationMs":11}

[90mstdout[2m | test/secret-scrub-live.test.ts[2m > [22m[2mscrubs vendor-error substrings on the rejection path and maps transport errors
[22m[39mWRANGNAROK_REQUEST {"method":"GET","route":"GET /api/executions/8bf06ae9989fe95a8ba0a54edcaa6a2430c40bb5926a6028800be13a5be97466","status":200,"durationMs":16}

uncaught exception; source = Uncaught (in promise); stack = NonRetryableError: NINJA_UNAUTHORIZED
    at Object.run (C:/Users/ThomasBray/AppData/Local/Temp/opencode/parity-con-01/src/sagas/ninjaorgs.ts:122:13)
    at executeSaga (C:/Users/ThomasBray/AppData/Local/Temp/opencode/parity-con-01/src/sagas/shared.ts:38:20)
uncaught exception; exception = workerd/api/actor-state.c++:1197: failed: broken.outputGateBroken; jsg.Error: Aborting engine: A step threw a NonRetryableError
stack: 7ff6c4549690
uncaught exception; exception = workerd/api/actor-state.c++:1197: failed: broken.outputGateBroken; jsg.Error: Aborting engine: A step threw a NonRetryableError
stack: 7ff6c4549690
[90mstdout[2m | test/secret-scrub-live.test.ts[2m > [22m[2mscrubs vendor-error substrings on the rejection path and maps transport errors
[22m[39mWRANGNAROK_REQUEST {"method":"POST","route":"POST /api/executions","status":202,"durationMs":28}

[90mstdout[2m | test/ninjaone.test.ts[2m > [22m[2mpersists NINJA_UNAUTHORIZED without copying vendor bodies
[22m[39mWRANGNAROK_REQUEST {"method":"GET","route":"GET /api/executions/a2af3934cee5dc78648ad4988fee1c3e164ede1492dbc025f080791563990d40","status":200,"durationMs":17}

[90mstdout[2m | test/redaction.test.ts[2m > [22m[2mshapes history rows to the summary allowlist, never input/result
[22m[39mWRANGNAROK_REQUEST {"method":"POST","route":"POST /api/executions","status":202,"durationMs":30}

uncaught exception; source = Uncaught (in promise); stack = NonRetryableError: NINJA_INTEGRATION_FAILED
    at Object.run (C:/Users/ThomasBray/AppData/Local/Temp/opencode/parity-con-01/src/sagas/ninjaorgs.ts:122:13)
    at executeSaga (C:/Users/ThomasBray/AppData/Local/Temp/opencode/parity-con-01/src/sagas/shared.ts:38:20)
uncaught exception; exception = workerd/api/actor-state.c++:1197: failed: broken.outputGateBroken; jsg.Error: Aborting engine: A step threw a NonRetryableError
stack: 7ff6c4549690
uncaught exception; exception = workerd/api/actor-state.c++:1197: failed: broken.outputGateBroken; jsg.Error: Aborting engine: A step threw a NonRetryableError
stack: 7ff6c4549690
[90mstdout[2m | test/secret-scrub-live.test.ts[2m > [22m[2mscrubs vendor-error substrings on the rejection path and maps transport errors
[22m[39mWRANGNAROK_REQUEST {"method":"GET","route":"GET /api/executions/a7e76830dcc79fb7ab07d46b0c30018b73639cf905c799de0936869991336a25","status":200,"durationMs":14}

[90mstdout[2m | test/ninjaone.test.ts[2m > [22m[2msurfaces a throttled token request as NINJA_RATE_LIMITED without calling orgs
[22m[39mWRANGNAROK_REQUEST {"method":"POST","route":"POST /api/executions","status":202,"durationMs":25}

uncaught exception; source = Uncaught (in promise); stack = NonRetryableError: NINJA_RATE_LIMITED
    at Object.run (C:/Users/ThomasBray/AppData/Local/Temp/opencode/parity-con-01/src/sagas/ninjaorgs.ts:122:13)
    at executeSaga (C:/Users/ThomasBray/AppData/Local/Temp/opencode/parity-con-01/src/sagas/shared.ts:38:20)
uncaught exception; exception = workerd/api/actor-state.c++:1197: failed: broken.outputGateBroken; jsg.Error: Aborting engine: A step threw a NonRetryableError
stack: 7ff6c4549690
uncaught exception; exception = workerd/api/actor-state.c++:1197: failed: broken.outputGateBroken; jsg.Error: Aborting engine: A step threw a NonRetryableError
stack: 7ff6c4549690
[90mstdout[2m | test/secret-scrub-live.test.ts[2m > [22m[2mnever retries a failing vendor step and keeps retried checkpoints clean
[22m[39mWRANGNAROK_REQUEST {"method":"POST","route":"POST /api/executions","status":202,"durationMs":33}

uncaught exception; source = Uncaught (in promise); stack = NonRetryableError: NINJA_VENDOR_FAILED
    at Object.run (C:/Users/ThomasBray/AppData/Local/Temp/opencode/parity-con-01/src/sagas/ninjaorgs.ts:122:13)
    at executeSaga (C:/Users/ThomasBray/AppData/Local/Temp/opencode/parity-con-01/src/sagas/shared.ts:38:20)
uncaught exception; exception = workerd/api/actor-state.c++:1197: failed: broken.outputGateBroken; jsg.Error: Aborting engine: A step threw a NonRetryableError
stack: 7ff6c4549690
uncaught exception; exception = workerd/api/actor-state.c++:1197: failed: broken.outputGateBroken; jsg.Error: Aborting engine: A step threw a NonRetryableError
stack: 7ff6c4549690
[90mstdout[2m | test/ninjaone.test.ts[2m > [22m[2msurfaces a throttled token request as NINJA_RATE_LIMITED without calling orgs
[22m[39mWRANGNAROK_REQUEST {"method":"GET","route":"GET /api/executions/a2af3934cee5dc78648ad4988fee1c3e164ede1492dbc025f080791563990d40","status":200,"durationMs":14}

[90mstdout[2m | test/ninjaone.test.ts[2m > [22m[2mrejects non-empty input and unknown sagas
[22m[39mWRANGNAROK_REQUEST {"method":"POST","route":"POST /api/executions","status":400,"durationMs":0}

[90mstdout[2m | test/ninjaone.test.ts[2m > [22m[2mrejects non-empty input and unknown sagas
[22m[39mWRANGNAROK_REQUEST {"method":"POST","route":"POST /api/executions","status":400,"durationMs":0}

[90mstdout[2m | test/ninjaone.test.ts[2m > [22m[2mtruncates large organization lists to a bounded persisted summary
[22m[39mWRANGNAROK_REQUEST {"method":"POST","route":"POST /api/executions","status":202,"durationMs":24}

[90mstdout[2m | test/timeout-sweeper.test.ts[2m > [22m[2mleaves a stuck Running execution alone until its owner cancels it
[22m[39mWRANGNAROK_REQUEST {"method":"GET","route":"GET /api/executions/04ccf14778a2942a4fd76996db0be6f8eaf97c35431c9bb351155ea938c8b206","status":200,"durationMs":11}

[90mstdout[2m | test/secret-scrub-live.test.ts[2m > [22m[2mnever retries a failing vendor step and keeps retried checkpoints clean
[22m[39mWRANGNAROK_REQUEST {"method":"GET","route":"GET /api/executions/30a88663280899f81d619d57d8cf7e46052e18a01088b18bd866162506cd268b","status":200,"durationMs":15}

[90mstdout[2m | test/secret-scrub-live.test.ts[2m > [22m[2mkeeps cancellation and timeout terminals free of secret substrings
[22m[39mWRANGNAROK_REQUEST {"method":"POST","route":"POST /api/executions","status":202,"durationMs":30}

[90mstdout[2m | test/secret-scrub-live.test.ts[2m > [22m[2mkeeps cancellation and timeout terminals free of secret substrings
[22m[39mWRANGNAROK_REQUEST {"method":"GET","route":"GET /api/executions/c04b86ef50467bcc36a6b32afbfbdd06b6b867a42dfda6f7e828d3341e60df13","status":200,"durationMs":11}

[90mstdout[2m | test/ninjaone.test.ts[2m > [22m[2mtruncates large organization lists to a bounded persisted summary
[22m[39mWRANGNAROK_REQUEST {"method":"GET","route":"GET /api/executions/a2af3934cee5dc78648ad4988fee1c3e164ede1492dbc025f080791563990d40","status":200,"durationMs":10}

[90mstdout[2m | test/ninjaone.test.ts[2m > [22m[2msurfaces a slow NinjaOne vendor as TimedOut through the explicit timeout step
[22m[39mWRANGNAROK_REQUEST {"method":"POST","route":"POST /api/executions","status":202,"durationMs":24}

[90mstdout[2m | test/secret-scrub-live.test.ts[2m > [22m[2mkeeps cancellation and timeout terminals free of secret substrings
[22m[39mWRANGNAROK_REQUEST {"method":"GET","route":"GET /api/executions/c04b86ef50467bcc36a6b32afbfbdd06b6b867a42dfda6f7e828d3341e60df13","status":200,"durationMs":9}

uncaught exception; exception = workerd/api/actor-state.c++:1197: failed: broken.outputGateBroken; jsg.Error: Aborting engine: User called terminate
stack: 7ff6c4549690
uncaught exception; exception = workerd/api/actor-state.c++:1197: failed: broken.outputGateBroken; jsg.Error: Aborting engine: User called terminate
stack: 7ff6c4549690
uncaught exception; exception = workerd/api/actor-state.c++:1197: failed: broken.outputGateBroken; jsg.Error: Aborting engine: User called terminate
stack: 7ff6c4549690
[90mstdout[2m | test/secret-scrub-live.test.ts[2m > [22m[2mkeeps cancellation and timeout terminals free of secret substrings
[22m[39mWRANGNAROK_REQUEST {"method":"POST","route":"POST /api/executions/c04b86ef50467bcc36a6b32afbfbdd06b6b867a42dfda6f7e828d3341e60df13/cancel","status":200,"durationMs":30}

[90mstdout[2m | test/secret-scrub-live.test.ts[2m > [22m[2mkeeps cancellation and timeout terminals free of secret substrings
[22m[39mWRANGNAROK_REQUEST {"method":"GET","route":"GET /api/executions/c04b86ef50467bcc36a6b32afbfbdd06b6b867a42dfda6f7e828d3341e60df13","status":200,"durationMs":14}

[90mstdout[2m | test/executions.test.ts[2m > [22m[2mtraverses HTTP -> D1 -> Workflow -> HTTP Integration -> D1, and reuses a submission
[22m[39mWRANGNAROK_REQUEST {"method":"GET","route":"GET /api/executions/13c309f2c24eca3911af304eed36e7d0baacc242ad56675ed015d2a3b2a395b5","status":200,"durationMs":13}

 [32m✓[39m test/secret-scrub-live.test.ts [2m([22m[2m5 tests[22m[2m)[22m[33m 1198[2mms[22m[39m
   [33m[2m✓[22m[39m scrubs credential and token substrings across a successful ninja Execution [33m 420[2mms[22m[39m
[90mstdout[2m | test/resilience.test.ts[2m > [22m[2mwakes from the native sleep step and continues to success
[22m[39mWRANGNAROK_REQUEST {"method":"GET","route":"GET /api/executions/86a8c5d085bc867fc3af238892445929265ba9272d379f2a010040366e4e53a6","status":200,"durationMs":12}

[90mstdout[2m | test/ninja-echo-digest.test.ts[2m > [22m[2mruns the NinjaOne census through the echo Integration end to end
[22m[39mWRANGNAROK_REQUEST {"method":"GET","route":"GET /api/executions/09c44396830b5f3eccdff30b0d8f48911063e6518dec4438c68a1f945af8d34d","status":200,"durationMs":21}

[90mstdout[2m | test/executions.test.ts[2m > [22m[2mtraverses HTTP -> D1 -> Workflow -> HTTP Integration -> D1, and reuses a submission
[22m[39mWRANGNAROK_REQUEST {"method":"POST","route":"POST /api/executions","status":200,"durationMs":5}

[90mstdout[2m | test/executions.test.ts[2m > [22m[2mtraverses HTTP -> D1 -> Workflow -> HTTP Integration -> D1, and reuses a submission
[22m[39mWRANGNAROK_REQUEST {"method":"POST","route":"POST /api/executions","status":409,"durationMs":7}

[90mstdout[2m | test/executions.test.ts[2m > [22m[2mtraverses HTTP -> D1 -> Workflow -> HTTP Integration -> D1, and reuses a submission
[22m[39mWRANGNAROK_REQUEST {"method":"GET","route":"GET /api/executions/13c309f2c24eca3911af304eed36e7d0baacc242ad56675ed015d2a3b2a395b5","status":404,"durationMs":3}

[90mstdout[2m | test/timeout-sweeper.test.ts[2m > [22m[2mleaves a stuck Running execution alone until its owner cancels it
[22m[39mWRANGNAROK_REQUEST {"method":"GET","route":"GET /api/executions/04ccf14778a2942a4fd76996db0be6f8eaf97c35431c9bb351155ea938c8b206","status":200,"durationMs":10}

[90mstdout[2m | test/executions.test.ts[2m > [22m[2mtraverses HTTP -> D1 -> Workflow -> HTTP Integration -> D1, and reuses a submission
[22m[39mWRANGNAROK_REQUEST {"method":"GET","route":"GET /api/executions/13c309f2c24eca3911af304eed36e7d0baacc242ad56675ed015d2a3b2a395b5","status":404,"durationMs":3}

[90mstdout[2m | test/executions.test.ts[2m > [22m[2mtraverses HTTP -> D1 -> Workflow -> HTTP Integration -> D1, and reuses a submission
[22m[39mWRANGNAROK_REQUEST {"method":"GET","route":"GET /api/executions","status":200,"durationMs":4}

[90mstdout[2m | test/executions.test.ts[2m > [22m[2mpersists structured failure without copying the vendor error body
[22m[39mWRANGNAROK_REQUEST {"method":"POST","route":"POST /api/executions","status":202,"durationMs":44}

[90mstdout[2m | test/resilience.test.ts[2m > [22m[2mnever auto-retries a failing vendor operation
[22m[39mWRANGNAROK_REQUEST {"method":"POST","route":"POST /api/executions","status":202,"durationMs":69}

[90mstdout[2m | test/ninja-echo-digest.test.ts[2m > [22m[2mfails loud on NinjaOne auth without ever calling echo
[22m[39mWRANGNAROK_REQUEST {"method":"POST","route":"POST /api/executions","status":202,"durationMs":279}

[90mstdout[2m | test/redaction.test.ts[2m > [22m[2mshapes history rows to the summary allowlist, never input/result
[22m[39mWRANGNAROK_REQUEST {"method":"GET","route":"GET /api/executions","status":200,"durationMs":10}

uncaught exception; source = Uncaught (in promise); stack = NonRetryableError: NINJA_UNAUTHORIZED
    at Object.run (C:/Users/ThomasBray/AppData/Local/Temp/opencode/parity-con-01/src/sagas/digest.ts:175:13)
    at executeSaga (C:/Users/ThomasBray/AppData/Local/Temp/opencode/parity-con-01/src/sagas/shared.ts:38:20)
uncaught exception; source = Uncaught (in promise); stack = NonRetryableError: ECHO_INTEGRATION_FAILED
    at Object.run (C:/Users/ThomasBray/AppData/Local/Temp/opencode/parity-con-01/src/sagas/echo.ts:116:13)
    at executeSaga (C:/Users/ThomasBray/AppData/Local/Temp/opencode/parity-con-01/src/sagas/shared.ts:38:20)
uncaught exception; source = Uncaught (in promise); stack = NonRetryableError: ECHO_INTEGRATION_FAILED
    at Object.run (C:/Users/ThomasBray/AppData/Local/Temp/opencode/parity-con-01/src/sagas/echo.ts:116:13)
    at executeSaga (C:/Users/ThomasBray/AppData/Local/Temp/opencode/parity-con-01/src/sagas/shared.ts:38:20)
uncaught exception; exception = workerd/api/actor-state.c++:1197: failed: broken.outputGateBroken; jsg.Error: Aborting engine: A step threw a NonRetryableError
stack: 7ff6c4549690
uncaught exception; exception = workerd/api/actor-state.c++:1197: failed: broken.outputGateBroken; jsg.Error: Aborting engine: A step threw a NonRetryableError
stack: 7ff6c4549690
uncaught exception; exception = workerd/api/actor-state.c++:1197: failed: broken.outputGateBroken; jsg.Error: Aborting engine: A step threw a NonRetryableError
stack: 7ff6c4549690
uncaught exception; exception = workerd/api/actor-state.c++:1197: failed: broken.outputGateBroken; jsg.Error: Aborting engine: A step threw a NonRetryableError
stack: 7ff6c4549690
uncaught exception; exception = workerd/api/actor-state.c++:1197: failed: broken.outputGateBroken; jsg.Error: Aborting engine: A step threw a NonRetryableError
stack: 7ff6c4549690
uncaught exception; exception = workerd/api/actor-state.c++:1197: failed: broken.outputGateBroken; jsg.Error: Aborting engine: A step threw a NonRetryableError
stack: 7ff6c4549690
[90mstdout[2m | test/resilience.test.ts[2m > [22m[2mnever auto-retries a failing vendor operation
[22m[39mWRANGNAROK_REQUEST {"method":"GET","route":"GET /api/executions/998606fd6a666f3630e5b7251a38a7cefc310636c320a3f2713849eed271b123","status":200,"durationMs":19}

[90mstdout[2m | test/executions.test.ts[2m > [22m[2mpersists structured failure without copying the vendor error body
[22m[39mWRANGNAROK_REQUEST {"method":"GET","route":"GET /api/executions/13c309f2c24eca3911af304eed36e7d0baacc242ad56675ed015d2a3b2a395b5","status":200,"durationMs":19}

 [32m✓[39m test/redaction.test.ts [2m([22m[2m5 tests[22m[2m)[22m[33m 1792[2mms[22m[39m
   [33m[2m✓[22m[39m shapes history rows to the summary allowlist, never input/result [33m 1219[2mms[22m[39m
[90mstdout[2m | test/timeout-sweeper.test.ts[2m > [22m[2mleaves a stuck Running execution alone until its owner cancels it
[22m[39mWRANGNAROK_REQUEST {"method":"GET","route":"GET /api/executions/04ccf14778a2942a4fd76996db0be6f8eaf97c35431c9bb351155ea938c8b206","status":200,"durationMs":21}

[90mstdout[2m | test/ninja-echo-digest.test.ts[2m > [22m[2mfails loud on NinjaOne auth without ever calling echo
[22m[39mWRANGNAROK_REQUEST {"method":"GET","route":"GET /api/executions/09c44396830b5f3eccdff30b0d8f48911063e6518dec4438c68a1f945af8d34d","status":200,"durationMs":44}

[90mstdout[2m | test/ninja-echo-digest.test.ts[2m > [22m[2mnever auto-retries a failing echo of the digest
[22m[39mWRANGNAROK_REQUEST {"method":"POST","route":"POST /api/executions","status":202,"durationMs":30}

[90mstdout[2m | test/resilience.test.ts[2m > [22m[2msurfaces a slow vendor as TimedOut through the explicit timeout step
[22m[39mWRANGNAROK_REQUEST {"method":"POST","route":"POST /api/executions","status":202,"durationMs":56}

[90mstdout[2m | test/executions.test.ts[2m > [22m[2mdenies unauthenticated requests and stays disabled by default
[22m[39mWRANGNAROK_REQUEST {"method":"GET","route":"GET /api/executions","status":401,"durationMs":0}

[90mstdout[2m | test/executions.test.ts[2m > [22m[2mdenies unauthenticated requests and stays disabled by default
[22m[39mWRANGNAROK_REQUEST {"method":"GET","route":"GET /api/executions","status":404,"durationMs":0}

[90mstdout[2m | test/executions.test.ts[2m > [22m[2mdoes not resolve another Organization's Connection when this Organization has none
[22m[39mWRANGNAROK_REQUEST {"method":"POST","route":"POST /api/executions","status":202,"durationMs":38}

uncaught exception; source = Uncaught (in promise); stack = NonRetryableError: INTEGRATION_REQUIREMENT_UNSATISFIED
    at Object.run (C:/Users/ThomasBray/AppData/Local/Temp/opencode/parity-con-01/src/sagas/echo.ts:116:13)
    at executeSaga (C:/Users/ThomasBray/AppData/Local/Temp/opencode/parity-con-01/src/sagas/shared.ts:38:20)
uncaught exception; exception = workerd/api/actor-state.c++:1197: failed: broken.outputGateBroken; jsg.Error: Aborting engine: A step threw a NonRetryableError
stack: 7ff6c4549690
uncaught exception; exception = workerd/api/actor-state.c++:1197: failed: broken.outputGateBroken; jsg.Error: Aborting engine: A step threw a NonRetryableError
stack: 7ff6c4549690
uncaught exception; source = Uncaught (in promise); stack = Error: Engine was never started
    at Engine.getStatus (file:///C:/Users/ThomasBray/AppData/Local/Temp/opencode/parity-con-01/node_modules/miniflare/dist/src/workers/workflows/binding.worker.js:14493:15)
uncaught exception; source = Uncaught (in promise); stack = Error: Engine was never started
    at Engine.getStatus (file:///C:/Users/ThomasBray/AppData/Local/Temp/opencode/parity-con-01/node_modules/miniflare/dist/src/workers/workflows/binding.worker.js:14493:15)
uncaught exception; source = Uncaught (in promise); stack = Error: instance.not_found
    at WorkflowBinding.get (file:///C:/Users/ThomasBray/AppData/Local/Temp/opencode/parity-con-01/node_modules/miniflare/dist/src/workers/workflows/binding.worker.js:15150:13)
uncaught exception; exception = workerd/io/io-context.c++:1642: failed: jsg.Error: The Workers runtime canceled this request because it detected that your Worker's code had hung and would never generate a response. Refer to: https://developers.cloudflare.com/workers/observability/errors/
stack: 7ff6c4549690
uncaught exception; source = Uncaught (in promise); stack = NonRetryableError: ECHO_INTEGRATION_FAILED
    at Object.run (C:/Users/ThomasBray/AppData/Local/Temp/opencode/parity-con-01/src/sagas/digest.ts:175:13)
    at executeSaga (C:/Users/ThomasBray/AppData/Local/Temp/opencode/parity-con-01/src/sagas/shared.ts:38:20)
uncaught exception; exception = workerd/api/actor-state.c++:1197: failed: broken.outputGateBroken; jsg.Error: Aborting engine: A step threw a NonRetryableError
stack: 7ff6c4549690
uncaught exception; exception = workerd/api/actor-state.c++:1197: failed: broken.outputGateBroken; jsg.Error: Aborting engine: A step threw a NonRetryableError
stack: 7ff6c4549690
[90mstdout[2m | test/executions.test.ts[2m > [22m[2mdoes not resolve another Organization's Connection when this Organization has none
[22m[39mWRANGNAROK_REQUEST {"method":"GET","route":"GET /api/executions/13c309f2c24eca3911af304eed36e7d0baacc242ad56675ed015d2a3b2a395b5","status":200,"durationMs":37}

[90mstdout[2m | test/ninja-echo-digest.test.ts[2m > [22m[2mnever auto-retries a failing echo of the digest
[22m[39mWRANGNAROK_REQUEST {"method":"GET","route":"GET /api/executions/09c44396830b5f3eccdff30b0d8f48911063e6518dec4438c68a1f945af8d34d","status":200,"durationMs":34}

[90mstdout[2m | test/timeout-sweeper.test.ts[2m > [22m[2mleaves a stuck Running execution alone until its owner cancels it
[22m[39mWRANGNAROK_REQUEST {"method":"GET","route":"GET /api/executions/04ccf14778a2942a4fd76996db0be6f8eaf97c35431c9bb351155ea938c8b206","status":200,"durationMs":17}

[90mstdout[2m | test/executions.test.ts[2m > [22m[2mrefuses to resurrect an expired unconfirmed reservation without inventing success
[22m[39mWRANGNAROK_REQUEST {"method":"POST","route":"POST /api/executions","status":409,"durationMs":18}

[90mstdout[2m | test/executions.test.ts[2m > [22m[2mrefuses to resurrect an expired unconfirmed reservation without inventing success
[22m[39mWRANGNAROK_REQUEST {"method":"GET","route":"GET /api/executions/1e64a5eaf1c2d46e8f8058f14cc7766765cf130c316cbb234a8ba9b1b4f27e20","status":200,"durationMs":47}

[90mstdout[2m | test/ninja-echo-digest.test.ts[2m > [22m[2msurfaces a slow NinjaOne vendor as TimedOut through the explicit timeout step
[22m[39mWRANGNAROK_REQUEST {"method":"POST","route":"POST /api/executions","status":202,"durationMs":368}

 [32m✓[39m test/executions.test.ts [2m([22m[2m5 tests[22m[2m)[22m[33m 2327[2mms[22m[39m
   [33m[2m✓[22m[39m traverses HTTP -> D1 -> Workflow -> HTTP Integration -> D1, and reuses a submission [33m 1326[2mms[22m[39m
   [33m[2m✓[22m[39m persists structured failure without copying the vendor error body [33m 583[2mms[22m[39m
uncaught exception; exception = workerd/api/actor-state.c++:1197: failed: broken.outputGateBroken; jsg.Error: Aborting engine: User called terminate
stack: 7ff6c4549690
uncaught exception; exception = workerd/api/actor-state.c++:1197: failed: broken.outputGateBroken; jsg.Error: Aborting engine: User called terminate
stack: 7ff6c4549690
[90mstdout[2m | test/timeout-sweeper.test.ts[2m > [22m[2mleaves a stuck Running execution alone until its owner cancels it
[22m[39mWRANGNAROK_REQUEST {"method":"GET","route":"GET /api/executions/04ccf14778a2942a4fd76996db0be6f8eaf97c35431c9bb351155ea938c8b206","status":200,"durationMs":10}

[90mstdout[2m | test/timeout-sweeper.test.ts[2m > [22m[2mleaves a stuck Running execution alone until its owner cancels it
[22m[39mWRANGNAROK_REQUEST {"method":"GET","route":"GET /api/executions/04ccf14778a2942a4fd76996db0be6f8eaf97c35431c9bb351155ea938c8b206","status":200,"durationMs":16}

[90mstdout[2m | test/timeout-sweeper.test.ts[2m > [22m[2mleaves a stuck Running execution alone until its owner cancels it
[22m[39mWRANGNAROK_REQUEST {"method":"POST","route":"POST /api/executions/04ccf14778a2942a4fd76996db0be6f8eaf97c35431c9bb351155ea938c8b206/cancel","status":200,"durationMs":42}

[90mstdout[2m | test/timeout-sweeper.test.ts[2m > [22m[2mleaves a stuck Running execution alone until its owner cancels it
[22m[39mWRANGNAROK_REQUEST {"method":"GET","route":"GET /api/executions/04ccf14778a2942a4fd76996db0be6f8eaf97c35431c9bb351155ea938c8b206","status":200,"durationMs":21}

 [32m✓[39m test/timeout-sweeper.test.ts [2m([22m[2m2 tests[22m[2m)[22m[33m 3084[2mms[22m[39m
   [33m[2m✓[22m[39m leaves a stuck Running execution alone until its owner cancels it [33m 3007[2mms[22m[39m
uncaught exception; source = Uncaught (in promise); stack = NonRetryableError: ECHO_VENDOR_TIMEOUT
    at Object.run (C:/Users/ThomasBray/AppData/Local/Temp/opencode/parity-con-01/src/sagas/echo.ts:116:13)
    at executeSaga (C:/Users/ThomasBray/AppData/Local/Temp/opencode/parity-con-01/src/sagas/shared.ts:38:20)
uncaught exception; exception = workerd/api/actor-state.c++:1197: failed: broken.outputGateBroken; jsg.Error: Aborting engine: A step threw a NonRetryableError
stack: 7ff6c4549690
uncaught exception; exception = workerd/api/actor-state.c++:1197: failed: broken.outputGateBroken; jsg.Error: Aborting engine: A step threw a NonRetryableError
stack: 7ff6c4549690
[90mstdout[2m | test/resilience.test.ts[2m > [22m[2msurfaces a slow vendor as TimedOut through the explicit timeout step
[22m[39mWRANGNAROK_REQUEST {"method":"GET","route":"GET /api/executions/dd7844f1dbf5dbc0d552310579e64e2ad0280d4c14d02e0fad2adce8fc418177","status":200,"durationMs":19}

[90mstdout[2m | test/resilience.test.ts[2m > [22m[2mcancels a Running execution through the native terminate control
[22m[39mWRANGNAROK_REQUEST {"method":"POST","route":"POST /api/executions","status":202,"durationMs":532}

[90mstdout[2m | test/resilience.test.ts[2m > [22m[2mcancels a Running execution through the native terminate control
[22m[39mWRANGNAROK_REQUEST {"method":"GET","route":"GET /api/executions/bc99d4afe37739e7004f38f1da15307a67c1de4120b22badec78381be8c88b4e","status":200,"durationMs":16}

[90mstdout[2m | test/resilience.test.ts[2m > [22m[2mcancels a Running execution through the native terminate control
[22m[39mWRANGNAROK_REQUEST {"method":"GET","route":"GET /api/executions/bc99d4afe37739e7004f38f1da15307a67c1de4120b22badec78381be8c88b4e","status":200,"durationMs":23}

uncaught exception; exception = workerd/api/actor-state.c++:1197: failed: broken.outputGateBroken; jsg.Error: Aborting engine: User called terminate
stack: 7ff6c4549690
uncaught exception; exception = workerd/api/actor-state.c++:1197: failed: broken.outputGateBroken; jsg.Error: Aborting engine: User called terminate
stack: 7ff6c4549690
uncaught exception; exception = workerd/api/actor-state.c++:1197: failed: broken.outputGateBroken; jsg.Error: Aborting engine: User called terminate
stack: 7ff6c4549690
uncaught exception; source = Uncaught (in promise); stack = Error: Engine was never started
    at Engine.getStatus (file:///C:/Users/ThomasBray/AppData/Local/Temp/opencode/parity-con-01/node_modules/miniflare/dist/src/workers/workflows/binding.worker.js:14493:15)
uncaught exception; source = Uncaught (in promise); stack = Error: Engine was never started
    at Engine.getStatus (file:///C:/Users/ThomasBray/AppData/Local/Temp/opencode/parity-con-01/node_modules/miniflare/dist/src/workers/workflows/binding.worker.js:14493:15)
uncaught exception; source = Uncaught (in promise); stack = Error: instance.not_found
    at WorkflowBinding.get (file:///C:/Users/ThomasBray/AppData/Local/Temp/opencode/parity-con-01/node_modules/miniflare/dist/src/workers/workflows/binding.worker.js:15150:13)
uncaught exception; source = Uncaught (in promise); stack = Error: Engine was never started
    at Engine.getStatus (file:///C:/Users/ThomasBray/AppData/Local/Temp/opencode/parity-con-01/node_modules/miniflare/dist/src/workers/workflows/binding.worker.js:14493:15)
uncaught exception; source = Uncaught (in promise); stack = Error: Engine was never started
    at Engine.getStatus (file:///C:/Users/ThomasBray/AppData/Local/Temp/opencode/parity-con-01/node_modules/miniflare/dist/src/workers/workflows/binding.worker.js:14493:15)
uncaught exception; source = Uncaught (in promise); stack = Error: instance.not_found
    at WorkflowBinding.get (file:///C:/Users/ThomasBray/AppData/Local/Temp/opencode/parity-con-01/node_modules/miniflare/dist/src/workers/workflows/binding.worker.js:15150:13)
uncaught exception; source = Uncaught (in promise); stack = Error: Engine was never started
    at Engine.getStatus (file:///C:/Users/ThomasBray/AppData/Local/Temp/opencode/parity-con-01/node_modules/miniflare/dist/src/workers/workflows/binding.worker.js:14493:15)
uncaught exception; source = Uncaught (in promise); stack = Error: Engine was never started
    at Engine.getStatus (file:///C:/Users/ThomasBray/AppData/Local/Temp/opencode/parity-con-01/node_modules/miniflare/dist/src/workers/workflows/binding.worker.js:14493:15)
uncaught exception; source = Uncaught (in promise); stack = Error: instance.not_found
    at WorkflowBinding.get (file:///C:/Users/ThomasBray/AppData/Local/Temp/opencode/parity-con-01/node_modules/miniflare/dist/src/workers/workflows/binding.worker.js:15150:13)
uncaught exception; exception = workerd/io/io-context.c++:1642: failed: jsg.Error: The Workers runtime canceled this request because it detected that your Worker's code had hung and would never generate a response. Refer to: https://developers.cloudflare.com/workers/observability/errors/
stack: 7ff6c4549690
[90mstdout[2m | test/resilience.test.ts[2m > [22m[2mcancels a Running execution through the native terminate control
[22m[39mWRANGNAROK_REQUEST {"method":"POST","route":"POST /api/executions/bc99d4afe37739e7004f38f1da15307a67c1de4120b22badec78381be8c88b4e/cancel","status":200,"durationMs":51}

[90mstdout[2m | test/resilience.test.ts[2m > [22m[2mcancels a Running execution through the native terminate control
[22m[39mnative terminate observation: terminated

[90mstdout[2m | test/resilience.test.ts[2m > [22m[2mcancels a Running execution through the native terminate control
[22m[39mWRANGNAROK_REQUEST {"method":"GET","route":"GET /api/executions/bc99d4afe37739e7004f38f1da15307a67c1de4120b22badec78381be8c88b4e","status":200,"durationMs":12}

uncaught exception; exception = workerd/io/io-context.c++:1642: failed: jsg.Error: The Workers runtime canceled this request because it detected that your Worker's code had hung and would never generate a response. Refer to: https://developers.cloudflare.com/workers/observability/errors/
stack: 7ff6c4549690
uncaught exception; exception = workerd/io/io-context.c++:1642: failed: jsg.Error: The Workers runtime canceled this request because it detected that your Worker's code had hung and would never generate a response. Refer to: https://developers.cloudflare.com/workers/observability/errors/
stack: 7ff6c4549690
[90mstdout[2m | test/resilience.test.ts[2m > [22m[2mcancels a Running execution through the native terminate control
[22m[39mWRANGNAROK_REQUEST {"method":"POST","route":"POST /api/executions/bc99d4afe37739e7004f38f1da15307a67c1de4120b22badec78381be8c88b4e/cancel","status":409,"durationMs":5}

[90mstdout[2m | test/resilience.test.ts[2m > [22m[2mcancels a Running execution through the native terminate control
[22m[39mWRANGNAROK_REQUEST {"method":"POST","route":"POST /api/executions/bc99d4afe37739e7004f38f1da15307a67c1de4120b22badec78381be8c88b4e/cancel","status":404,"durationMs":3}

[90mstdout[2m | test/resilience.test.ts[2m > [22m[2mcancels a Pending execution immediately and never dispatches it
[22m[39mWRANGNAROK_REQUEST {"method":"POST","route":"POST /api/executions/e3652d4150036df3a539523652c3de2f851854271b6bf18e21bf412ba1992fb9/cancel","status":200,"durationMs":43}

[90mstdout[2m | test/resilience.test.ts[2m > [22m[2mcancels a Pending execution immediately and never dispatches it
[22m[39mWRANGNAROK_REQUEST {"method":"POST","route":"POST /api/executions","status":409,"durationMs":9}

[90mstdout[2m | test/resilience.test.ts[2m > [22m[2mcancels a Pending system.smoke execution and never dispatches it
[22m[39mWRANGNAROK_REQUEST {"method":"POST","route":"POST /api/executions/7997f47502e44fa57c42855f87a7c831ee011fd93526232e3c85bdd7b7e3765a/cancel","status":200,"durationMs":48}

[90mstdout[2m | test/resilience.test.ts[2m > [22m[2mcancels a Pending system.smoke execution and never dispatches it
[22m[39mWRANGNAROK_REQUEST {"method":"GET","route":"GET /api/executions/7997f47502e44fa57c42855f87a7c831ee011fd93526232e3c85bdd7b7e3765a","status":200,"durationMs":25}

[90mstdout[2m | test/resilience.test.ts[2m > [22m[2mcancels a Pending system.smoke execution and never dispatches it
[22m[39mWRANGNAROK_REQUEST {"method":"POST","route":"POST /api/executions/7997f47502e44fa57c42855f87a7c831ee011fd93526232e3c85bdd7b7e3765a/cancel","status":409,"durationMs":4}

[90mstdout[2m | test/resilience.test.ts[2m > [22m[2mcancels a Pending system.smoke execution and never dispatches it
[22m[39mWRANGNAROK_REQUEST {"method":"POST","route":"POST /api/executions","status":409,"durationMs":6}

[90mstdout[2m | test/resilience.test.ts[2m > [22m[2mrefuses to cancel terminal executions
[22m[39mWRANGNAROK_REQUEST {"method":"POST","route":"POST /api/executions","status":202,"durationMs":79}

[90mstdout[2m | test/sdk.test.ts[2m > [22m[2mSDK contract version and descriptor (issue #140)[2m > [22m[2mserves the same descriptor through the authenticated Worker route
[22m[39mWRANGNAROK_REQUEST {"method":"GET","route":"GET /api/sdk","status":401,"durationMs":3}

[90mstdout[2m | test/sdk.test.ts[2m > [22m[2mSDK contract version and descriptor (issue #140)[2m > [22m[2mserves the same descriptor through the authenticated Worker route
[22m[39mWRANGNAROK_REQUEST {"method":"GET","route":"GET /api/sdk","status":200,"durationMs":0}

[90mstdout[2m | test/sdk.test.ts[2m > [22m[2mSDK contract version and descriptor (issue #140)[2m > [22m[2mkeeps SDK_ERROR_CODES covering every served error code
[22m[39mWRANGNAROK_REQUEST {"method":"GET","route":"GET /api/sagas","status":401,"durationMs":1}

[90mstdout[2m | test/sdk.test.ts[2m > [22m[2mSDK contract version and descriptor (issue #140)[2m > [22m[2mkeeps SDK_ERROR_CODES covering every served error code
[22m[39mWRANGNAROK_REQUEST {"method":"POST","route":"POST /api/executions","status":400,"durationMs":1}

[90mstdout[2m | test/sdk.test.ts[2m > [22m[2mSDK contract version and descriptor (issue #140)[2m > [22m[2mkeeps SDK_ERROR_CODES covering every served error code
[22m[39mWRANGNAROK_REQUEST {"method":"POST","route":"POST /api/executions","status":400,"durationMs":2}

[90mstdout[2m | test/resilience.test.ts[2m > [22m[2mrefuses to cancel terminal executions
[22m[39mWRANGNAROK_REQUEST {"method":"GET","route":"GET /api/executions/21041c6055244f02042080e7b9596131fb30ccca5b290b603364364e696b7d2d","status":200,"durationMs":13}

uncaught exception; source = Uncaught (in promise); stack = NonRetryableError: NINJA_VENDOR_TIMEOUT
    at Object.run (C:/Users/ThomasBray/AppData/Local/Temp/opencode/parity-con-01/src/sagas/ninjaorgs.ts:122:13)
    at executeSaga (C:/Users/ThomasBray/AppData/Local/Temp/opencode/parity-con-01/src/sagas/shared.ts:38:20)
uncaught exception; exception = workerd/api/actor-state.c++:1197: failed: broken.outputGateBroken; jsg.Error: Aborting engine: A step threw a NonRetryableError
stack: 7ff6c4549690
uncaught exception; exception = workerd/api/actor-state.c++:1197: failed: broken.outputGateBroken; jsg.Error: Aborting engine: A step threw a NonRetryableError
stack: 7ff6c4549690
[90mstdout[2m | test/sdk.test.ts[2m > [22m[2mSDK contract version and descriptor (issue #140)[2m > [22m[2mkeeps SDK_ERROR_CODES covering every served error code
[22m[39mWRANGNAROK_REQUEST {"method":"GET","route":"GET /api/executions/ffffffffffffffffffffffffffffffffffffffffffffffffffffffffffffffff","status":404,"durationMs":7}

[90mstdout[2m | test/sdk.test.ts[2m > [22m[2mSDK automation client: local happy/denied/error examples[2m > [22m[2mlists, inspects, submits, polls, and diagnoses a happy Execution
[22m[39mWRANGNAROK_REQUEST {"method":"GET","route":"GET /api/sagas","status":200,"durationMs":1}

[90mstdout[2m | test/ninjaone.test.ts[2m > [22m[2msurfaces a slow NinjaOne vendor as TimedOut through the explicit timeout step
[22m[39mWRANGNAROK_REQUEST {"method":"GET","route":"GET /api/executions/a2af3934cee5dc78648ad4988fee1c3e164ede1492dbc025f080791563990d40","status":200,"durationMs":31}

[90mstdout[2m | test/sdk.test.ts[2m > [22m[2mSDK automation client: local happy/denied/error examples[2m > [22m[2mlists, inspects, submits, polls, and diagnoses a happy Execution
[22m[39mWRANGNAROK_REQUEST {"method":"GET","route":"GET /api/sagas","status":200,"durationMs":0}

[90mstdout[2m | test/resilience.test.ts[2m > [22m[2mrefuses to cancel terminal executions
[22m[39mWRANGNAROK_REQUEST {"method":"POST","route":"POST /api/executions/21041c6055244f02042080e7b9596131fb30ccca5b290b603364364e696b7d2d/cancel","status":409,"durationMs":2}

[90mstdout[2m | test/sdk.test.ts[2m > [22m[2mSDK automation client: local happy/denied/error examples[2m > [22m[2mlists, inspects, submits, polls, and diagnoses a happy Execution
[22m[39mWRANGNAROK_REQUEST {"method":"GET","route":"GET /api/sagas","status":200,"durationMs":0}

[90mstdout[2m | test/sdk.test.ts[2m > [22m[2mSDK automation client: local happy/denied/error examples[2m > [22m[2mlists, inspects, submits, polls, and diagnoses a happy Execution
[22m[39mWRANGNAROK_REQUEST {"method":"POST","route":"POST /api/executions","status":202,"durationMs":28}

 [32m✓[39m test/resilience.test.ts [2m([22m[2m7 tests[22m[2m)[22m[33m 7179[2mms[22m[39m
   [33m[2m✓[22m[39m wakes from the native sleep step and continues to success [33m 1335[2mms[22m[39m
   [33m[2m✓[22m[39m never auto-retries a failing vendor operation [33m 576[2mms[22m[39m
   [33m[2m✓[22m[39m surfaces a slow vendor as TimedOut through the explicit timeout step [33m 2802[2mms[22m[39m
   [33m[2m✓[22m[39m cancels a Running execution through the native terminate control [33m 847[2mms[22m[39m
   [33m[2m✓[22m[39m refuses to cancel terminal executions [33m 1386[2mms[22m[39m
uncaught exception; exception = workerd/io/io-context.c++:1642: failed: jsg.Error: The Workers runtime canceled this request because it detected that your Worker's code had hung and would never generate a response. Refer to: https://developers.cloudflare.com/workers/observability/errors/
stack: 7ff6c4549690
[90mstdout[2m | test/sdk.test.ts[2m > [22m[2mSDK automation client: local happy/denied/error examples[2m > [22m[2mlists, inspects, submits, polls, and diagnoses a happy Execution
[22m[39mWRANGNAROK_REQUEST {"method":"GET","route":"GET /api/executions/0ccbd6cc845aae543c3f2a0b2f10d363f1d3f6b6dba7e6cd04d35f1de4b301c8","status":200,"durationMs":16}

[90mstdout[2m | test/sdk.test.ts[2m > [22m[2mSDK automation client: local happy/denied/error examples[2m > [22m[2mlists, inspects, submits, polls, and diagnoses a happy Execution
[22m[39mWRANGNAROK_REQUEST {"method":"GET","route":"GET /api/executions/0ccbd6cc845aae543c3f2a0b2f10d363f1d3f6b6dba7e6cd04d35f1de4b301c8","status":200,"durationMs":13}

[90mstdout[2m | test/sdk.test.ts[2m > [22m[2mSDK automation client: local happy/denied/error examples[2m > [22m[2mlists, inspects, submits, polls, and diagnoses a happy Execution
[22m[39mWRANGNAROK_REQUEST {"method":"GET","route":"GET /api/executions/0ccbd6cc845aae543c3f2a0b2f10d363f1d3f6b6dba7e6cd04d35f1de4b301c8","status":200,"durationMs":9}

[90mstdout[2m | test/sdk.test.ts[2m > [22m[2mSDK automation client: local happy/denied/error examples[2m > [22m[2mlists, inspects, submits, polls, and diagnoses a happy Execution
[22m[39mWRANGNAROK_REQUEST {"method":"GET","route":"GET /api/executions/0ccbd6cc845aae543c3f2a0b2f10d363f1d3f6b6dba7e6cd04d35f1de4b301c8","status":200,"durationMs":7}

[90mstdout[2m | test/sdk.test.ts[2m > [22m[2mSDK automation client: local happy/denied/error examples[2m > [22m[2mlists, inspects, submits, polls, and diagnoses a happy Execution
[22m[39mWRANGNAROK_REQUEST {"method":"GET","route":"GET /api/executions/0ccbd6cc845aae543c3f2a0b2f10d363f1d3f6b6dba7e6cd04d35f1de4b301c8","status":200,"durationMs":10}

[90mstdout[2m | test/sdk.test.ts[2m > [22m[2mSDK automation client: local happy/denied/error examples[2m > [22m[2mlists, inspects, submits, polls, and diagnoses a happy Execution
[22m[39mWRANGNAROK_REQUEST {"method":"GET","route":"GET /api/executions/0ccbd6cc845aae543c3f2a0b2f10d363f1d3f6b6dba7e6cd04d35f1de4b301c8","status":200,"durationMs":10}

[90mstdout[2m | test/sdk.test.ts[2m > [22m[2mSDK automation client: local happy/denied/error examples[2m > [22m[2mlists, inspects, submits, polls, and diagnoses a happy Execution
[22m[39mWRANGNAROK_REQUEST {"method":"GET","route":"GET /api/executions/0ccbd6cc845aae543c3f2a0b2f10d363f1d3f6b6dba7e6cd04d35f1de4b301c8","status":200,"durationMs":11}

[90mstdout[2m | test/sdk.test.ts[2m > [22m[2mSDK automation client: local happy/denied/error examples[2m > [22m[2mlists, inspects, submits, polls, and diagnoses a happy Execution
[22m[39mWRANGNAROK_REQUEST {"method":"GET","route":"GET /api/executions/0ccbd6cc845aae543c3f2a0b2f10d363f1d3f6b6dba7e6cd04d35f1de4b301c8","status":200,"durationMs":14}

[90mstdout[2m | test/sdk.test.ts[2m > [22m[2mSDK automation client: local happy/denied/error examples[2m > [22m[2mlists, inspects, submits, polls, and diagnoses a happy Execution
[22m[39mWRANGNAROK_REQUEST {"method":"GET","route":"GET /api/executions/0ccbd6cc845aae543c3f2a0b2f10d363f1d3f6b6dba7e6cd04d35f1de4b301c8","status":200,"durationMs":30}

 [32m✓[39m test/ninjaone.test.ts [2m([22m[2m7 tests[22m[2m)[22m[33m 7225[2mms[22m[39m
   [33m[2m✓[22m[39m lists NinjaOne organizations end to end and reuses a submission [33m 322[2mms[22m[39m
   [33m[2m✓[22m[39m surfaces a slow NinjaOne vendor as TimedOut through the explicit timeout step [33m 6246[2mms[22m[39m
[90mstdout[2m | test/sdk.test.ts[2m > [22m[2mSDK automation client: local happy/denied/error examples[2m > [22m[2mlists, inspects, submits, polls, and diagnoses a happy Execution
[22m[39mWRANGNAROK_REQUEST {"method":"GET","route":"GET /api/executions/0ccbd6cc845aae543c3f2a0b2f10d363f1d3f6b6dba7e6cd04d35f1de4b301c8","status":200,"durationMs":18}

[90mstdout[2m | test/sdk.test.ts[2m > [22m[2mSDK automation client: local happy/denied/error examples[2m > [22m[2mlists, inspects, submits, polls, and diagnoses a happy Execution
[22m[39mWRANGNAROK_REQUEST {"method":"GET","route":"GET /api/executions/0ccbd6cc845aae543c3f2a0b2f10d363f1d3f6b6dba7e6cd04d35f1de4b301c8","status":200,"durationMs":16}

[90mstdout[2m | test/sdk.test.ts[2m > [22m[2mSDK automation client: local happy/denied/error examples[2m > [22m[2mlists, inspects, submits, polls, and diagnoses a happy Execution
[22m[39mWRANGNAROK_REQUEST {"method":"GET","route":"GET /api/executions/0ccbd6cc845aae543c3f2a0b2f10d363f1d3f6b6dba7e6cd04d35f1de4b301c8","status":200,"durationMs":24}

[90mstdout[2m | test/sdk.test.ts[2m > [22m[2mSDK automation client: local happy/denied/error examples[2m > [22m[2mlists, inspects, submits, polls, and diagnoses a happy Execution
[22m[39mWRANGNAROK_REQUEST {"method":"GET","route":"GET /api/executions/0ccbd6cc845aae543c3f2a0b2f10d363f1d3f6b6dba7e6cd04d35f1de4b301c8","status":200,"durationMs":11}

[90mstdout[2m | test/sdk.test.ts[2m > [22m[2mSDK automation client: local happy/denied/error examples[2m > [22m[2mlists, inspects, submits, polls, and diagnoses a happy Execution
[22m[39mWRANGNAROK_REQUEST {"method":"GET","route":"GET /api/executions/0ccbd6cc845aae543c3f2a0b2f10d363f1d3f6b6dba7e6cd04d35f1de4b301c8","status":200,"durationMs":24}

[90mstdout[2m | test/sdk.test.ts[2m > [22m[2mSDK automation client: local happy/denied/error examples[2m > [22m[2mlists, inspects, submits, polls, and diagnoses a happy Execution
[22m[39mWRANGNAROK_REQUEST {"method":"GET","route":"GET /api/executions/0ccbd6cc845aae543c3f2a0b2f10d363f1d3f6b6dba7e6cd04d35f1de4b301c8","status":200,"durationMs":17}

[90mstdout[2m | test/sdk.test.ts[2m > [22m[2mSDK automation client: local happy/denied/error examples[2m > [22m[2mlists, inspects, submits, polls, and diagnoses a happy Execution
[22m[39mWRANGNAROK_REQUEST {"method":"GET","route":"GET /api/executions/0ccbd6cc845aae543c3f2a0b2f10d363f1d3f6b6dba7e6cd04d35f1de4b301c8","status":200,"durationMs":17}

[90mstdout[2m | test/sdk.test.ts[2m > [22m[2mSDK automation client: local happy/denied/error examples[2m > [22m[2mlists, inspects, submits, polls, and diagnoses a happy Execution
[22m[39mWRANGNAROK_REQUEST {"method":"GET","route":"GET /api/executions/0ccbd6cc845aae543c3f2a0b2f10d363f1d3f6b6dba7e6cd04d35f1de4b301c8","status":200,"durationMs":20}

[90mstdout[2m | test/sdk.test.ts[2m > [22m[2mSDK automation client: local happy/denied/error examples[2m > [22m[2mlists, inspects, submits, polls, and diagnoses a happy Execution
[22m[39mWRANGNAROK_REQUEST {"method":"GET","route":"GET /api/executions/0ccbd6cc845aae543c3f2a0b2f10d363f1d3f6b6dba7e6cd04d35f1de4b301c8","status":200,"durationMs":31}

[90mstdout[2m | test/sdk.test.ts[2m > [22m[2mSDK automation client: local happy/denied/error examples[2m > [22m[2mlists, inspects, submits, polls, and diagnoses a happy Execution
[22m[39mWRANGNAROK_REQUEST {"method":"GET","route":"GET /api/executions/0ccbd6cc845aae543c3f2a0b2f10d363f1d3f6b6dba7e6cd04d35f1de4b301c8","status":200,"durationMs":33}

[90mstdout[2m | test/sdk.test.ts[2m > [22m[2mSDK automation client: local happy/denied/error examples[2m > [22m[2mlists, inspects, submits, polls, and diagnoses a happy Execution
[22m[39mWRANGNAROK_REQUEST {"method":"GET","route":"GET /api/executions/0ccbd6cc845aae543c3f2a0b2f10d363f1d3f6b6dba7e6cd04d35f1de4b301c8","status":200,"durationMs":24}

uncaught exception; source = Uncaught (in promise); stack = NonRetryableError: NINJA_VENDOR_TIMEOUT
    at Object.run (C:/Users/ThomasBray/AppData/Local/Temp/opencode/parity-con-01/src/sagas/digest.ts:175:13)
    at executeSaga (C:/Users/ThomasBray/AppData/Local/Temp/opencode/parity-con-01/src/sagas/shared.ts:38:20)
uncaught exception; exception = workerd/api/actor-state.c++:1197: failed: broken.outputGateBroken; jsg.Error: Aborting engine: A step threw a NonRetryableError
stack: 7ff6c4549690
uncaught exception; exception = workerd/api/actor-state.c++:1197: failed: broken.outputGateBroken; jsg.Error: Aborting engine: A step threw a NonRetryableError
stack: 7ff6c4549690
[90mstdout[2m | test/sdk.test.ts[2m > [22m[2mSDK automation client: local happy/denied/error examples[2m > [22m[2mlists, inspects, submits, polls, and diagnoses a happy Execution
[22m[39mWRANGNAROK_REQUEST {"method":"GET","route":"GET /api/executions/0ccbd6cc845aae543c3f2a0b2f10d363f1d3f6b6dba7e6cd04d35f1de4b301c8","status":200,"durationMs":21}

[90mstdout[2m | test/apps.test.ts[2m > [22m[2mcreates, edits, validates, builds, and serves an independent app
[22m[39mWRANGNAROK_REQUEST {"method":"POST","route":"POST /api/apps","status":201,"durationMs":9}

[90mstdout[2m | test/ninja-echo-digest.test.ts[2m > [22m[2msurfaces a slow NinjaOne vendor as TimedOut through the explicit timeout step
[22m[39mWRANGNAROK_REQUEST {"method":"GET","route":"GET /api/executions/09c44396830b5f3eccdff30b0d8f48911063e6518dec4438c68a1f945af8d34d","status":200,"durationMs":19}

[90mstdout[2m | test/sdk.test.ts[2m > [22m[2mSDK automation client: local happy/denied/error examples[2m > [22m[2mlists, inspects, submits, polls, and diagnoses a happy Execution
[22m[39mWRANGNAROK_REQUEST {"method":"GET","route":"GET /api/executions/0ccbd6cc845aae543c3f2a0b2f10d363f1d3f6b6dba7e6cd04d35f1de4b301c8","status":200,"durationMs":19}

[90mstdout[2m | test/apps.test.ts[2m > [22m[2mcreates, edits, validates, builds, and serves an independent app
[22m[39mWRANGNAROK_REQUEST {"method":"PUT","route":"PUT /api/apps/23a3b792-cfbd-451d-9111-3fb7e21556bd/source","status":200,"durationMs":8}

[90mstdout[2m | test/sdk.test.ts[2m > [22m[2mSDK automation client: local happy/denied/error examples[2m > [22m[2mlists, inspects, submits, polls, and diagnoses a happy Execution
[22m[39mWRANGNAROK_REQUEST {"method":"GET","route":"GET /api/executions/0ccbd6cc845aae543c3f2a0b2f10d363f1d3f6b6dba7e6cd04d35f1de4b301c8","status":200,"durationMs":59}

[90mstdout[2m | test/apps.test.ts[2m > [22m[2mcreates, edits, validates, builds, and serves an independent app
[22m[39mWRANGNAROK_REQUEST {"method":"POST","route":"POST /api/apps/23a3b792-cfbd-451d-9111-3fb7e21556bd/validate","status":200,"durationMs":3}

[90mstdout[2m | test/sdk.test.ts[2m > [22m[2mSDK automation client: local happy/denied/error examples[2m > [22m[2mlists, inspects, submits, polls, and diagnoses a happy Execution
[22m[39mWRANGNAROK_REQUEST {"method":"GET","route":"GET /api/executions/0ccbd6cc845aae543c3f2a0b2f10d363f1d3f6b6dba7e6cd04d35f1de4b301c8","status":200,"durationMs":27}

[90mstdout[2m | test/apps.test.ts[2m > [22m[2mcreates, edits, validates, builds, and serves an independent app
[22m[39mWRANGNAROK_REQUEST {"method":"PUT","route":"PUT /api/apps/23a3b792-cfbd-451d-9111-3fb7e21556bd/source","status":200,"durationMs":7}

[90mstdout[2m | test/access-auth.test.ts[2m > [22m[2mserves the catalog on a valid assertion without LAB configured
[22m[39mWRANGNAROK_REQUEST {"method":"GET","route":"GET /api/sagas","status":200,"durationMs":5}

[90mstdout[2m | test/sdk.test.ts[2m > [22m[2mSDK automation client: local happy/denied/error examples[2m > [22m[2mlists, inspects, submits, polls, and diagnoses a happy Execution
[22m[39mWRANGNAROK_REQUEST {"method":"GET","route":"GET /api/executions/0ccbd6cc845aae543c3f2a0b2f10d363f1d3f6b6dba7e6cd04d35f1de4b301c8","status":200,"durationMs":21}

[90mstdout[2m | test/apps.test.ts[2m > [22m[2mcreates, edits, validates, builds, and serves an independent app
[22m[39mWRANGNAROK_REQUEST {"method":"POST","route":"POST /api/apps/23a3b792-cfbd-451d-9111-3fb7e21556bd/builds","status":202,"durationMs":13}

uncaught exception; source = Uncaught (in promise); stack = Error: Engine was never started
    at Engine.getStatus (file:///C:/Users/ThomasBray/AppData/Local/Temp/opencode/parity-con-01/node_modules/miniflare/dist/src/workers/workflows/binding.worker.js:14493:15)
[90mstdout[2m | test/sdk.test.ts[2m > [22m[2mSDK automation client: local happy/denied/error examples[2m > [22m[2mlists, inspects, submits, polls, and diagnoses a happy Execution
[22m[39mWRANGNAROK_REQUEST {"method":"GET","route":"GET /api/executions/0ccbd6cc845aae543c3f2a0b2f10d363f1d3f6b6dba7e6cd04d35f1de4b301c8","status":200,"durationMs":21}

[90mstdout[2m | test/apps.test.ts[2m > [22m[2mcreates, edits, validates, builds, and serves an independent app
[22m[39mWRANGNAROK_REQUEST {"method":"GET","route":"GET /api/apps/23a3b792-cfbd-451d-9111-3fb7e21556bd","status":200,"durationMs":5}

[90mstdout[2m | test/access-auth.test.ts[2m > [22m[2mkeeps LAB behavior when no assertion header is present
[22m[39mWRANGNAROK_REQUEST {"method":"GET","route":"GET /api/sagas","status":404,"durationMs":1}

uncaught exception; source = Uncaught (in promise); stack = Error: Engine was never started
    at Engine.getStatus (file:///C:/Users/ThomasBray/AppData/Local/Temp/opencode/parity-con-01/node_modules/miniflare/dist/src/workers/workflows/binding.worker.js:14493:15)
uncaught exception; source = Uncaught (in promise); stack = Error: instance.not_found
    at WorkflowBinding.get (file:///C:/Users/ThomasBray/AppData/Local/Temp/opencode/parity-con-01/node_modules/miniflare/dist/src/workers/workflows/binding.worker.js:15150:13)
[90mstdout[2m | test/sdk.test.ts[2m > [22m[2mSDK automation client: local happy/denied/error examples[2m > [22m[2mlists, inspects, submits, polls, and diagnoses a happy Execution
[22m[39mWRANGNAROK_REQUEST {"method":"GET","route":"GET /api/executions","status":200,"durationMs":11}

[90mstdout[2m | test/apps.test.ts[2m > [22m[2mcreates, edits, validates, builds, and serves an independent app
[22m[39mWRANGNAROK_REQUEST {"method":"GET","route":"GET /api/apps/23a3b792-cfbd-451d-9111-3fb7e21556bd/builds","status":200,"durationMs":3}

[90mstdout[2m | test/apps.test.ts[2m > [22m[2mcreates, edits, validates, builds, and serves an independent app
[22m[39mWRANGNAROK_REQUEST {"method":"GET","route":"GET /api/apps/23a3b792-cfbd-451d-9111-3fb7e21556bd/builds/45318928-03f6-45f3-8f8f-9c4ece485b3c","status":200,"durationMs":3}

[90mstdout[2m | test/apps.test.ts[2m > [22m[2mcreates, edits, validates, builds, and serves an independent app
[22m[39mWRANGNAROK_REQUEST {"method":"GET","route":"GET /api/apps/23a3b792-cfbd-451d-9111-3fb7e21556bd/assets/index.html","status":200,"durationMs":3}

[90mstdout[2m | test/sdk.test.ts[2m > [22m[2mSDK automation client: local happy/denied/error examples[2m > [22m[2mkeeps the same caller policy as the UI: denied callers get 401/404, never data
[22m[39mWRANGNAROK_REQUEST {"method":"GET","route":"GET /api/sagas","status":200,"durationMs":3}

[90mstdout[2m | test/apps.test.ts[2m > [22m[2mrecovers from build failure: invalid revisions block build and failed edits preserve the live app
[22m[39mWRANGNAROK_REQUEST {"method":"POST","route":"POST /api/apps","status":201,"durationMs":15}

 [32m✓[39m test/access-auth.test.ts [2m([22m[2m7 tests[22m[2m)[22m[33m 1964[2mms[22m[39m
   [33m[2m✓[22m[39m serves the catalog on a valid assertion without LAB configured [33m 424[2mms[22m[39m
   [33m[2m✓[22m[39m maps allowlisted service common_name without email [33m 374[2mms[22m[39m
   [33m[2m✓[22m[39m denies unlisted service identity [33m 492[2mms[22m[39m
[90mstdout[2m | test/sdk.test.ts[2m > [22m[2mSDK automation client: local happy/denied/error examples[2m > [22m[2mkeeps the same caller policy as the UI: denied callers get 401/404, never data
[22m[39mWRANGNAROK_REQUEST {"method":"POST","route":"POST /api/executions","status":202,"durationMs":201}

[90mstdout[2m | test/apps.test.ts[2m > [22m[2mrecovers from build failure: invalid revisions block build and failed edits preserve the live app
[22m[39mWRANGNAROK_REQUEST {"method":"POST","route":"POST /api/apps/1ad5943f-93b8-404e-85c0-46fb65fd4b4c/builds","status":409,"durationMs":7}

[90mstdout[2m | test/apps.test.ts[2m > [22m[2mrecovers from build failure: invalid revisions block build and failed edits preserve the live app
[22m[39mWRANGNAROK_REQUEST {"method":"PUT","route":"PUT /api/apps/1ad5943f-93b8-404e-85c0-46fb65fd4b4c/source","status":422,"durationMs":15}

[90mstdout[2m | test/apps.test.ts[2m > [22m[2mrecovers from build failure: invalid revisions block build and failed edits preserve the live app
[22m[39mWRANGNAROK_REQUEST {"method":"POST","route":"POST /api/apps/1ad5943f-93b8-404e-85c0-46fb65fd4b4c/builds","status":409,"durationMs":9}

[90mstdout[2m | test/apps.test.ts[2m > [22m[2mrecovers from build failure: invalid revisions block build and failed edits preserve the live app
[22m[39mWRANGNAROK_REQUEST {"method":"PUT","route":"PUT /api/apps/1ad5943f-93b8-404e-85c0-46fb65fd4b4c/source","status":200,"durationMs":19}

[90mstdout[2m | test/apps.test.ts[2m > [22m[2mrecovers from build failure: invalid revisions block build and failed edits preserve the live app
[22m[39mWRANGNAROK_REQUEST {"method":"POST","route":"POST /api/apps/1ad5943f-93b8-404e-85c0-46fb65fd4b4c/builds","status":202,"durationMs":35}

[90mstdout[2m | test/apps.test.ts[2m > [22m[2mrecovers from build failure: invalid revisions block build and failed edits preserve the live app
[22m[39mWRANGNAROK_REQUEST {"method":"GET","route":"GET /api/apps/1ad5943f-93b8-404e-85c0-46fb65fd4b4c","status":200,"durationMs":14}

[90mstdout[2m | test/apps.test.ts[2m > [22m[2mrecovers from build failure: invalid revisions block build and failed edits preserve the live app
[22m[39mWRANGNAROK_REQUEST {"method":"PUT","route":"PUT /api/apps/1ad5943f-93b8-404e-85c0-46fb65fd4b4c/source","status":422,"durationMs":13}

[90mstdout[2m | test/apps.test.ts[2m > [22m[2mrecovers from build failure: invalid revisions block build and failed edits preserve the live app
[22m[39mWRANGNAROK_REQUEST {"method":"POST","route":"POST /api/apps/1ad5943f-93b8-404e-85c0-46fb65fd4b4c/builds","status":409,"durationMs":5}

 [32m✓[39m test/saga-run-paths.test.ts [2m([22m[2m21 tests[22m[2m)[22m[33m 2423[2mms[22m[39m
[90mstdout[2m | test/apps.test.ts[2m > [22m[2mrecovers from build failure: invalid revisions block build and failed edits preserve the live app
[22m[39mWRANGNAROK_REQUEST {"method":"GET","route":"GET /api/apps/1ad5943f-93b8-404e-85c0-46fb65fd4b4c","status":200,"durationMs":9}

[90mstdout[2m | test/apps.test.ts[2m > [22m[2mrecovers from build failure: invalid revisions block build and failed edits preserve the live app
[22m[39mWRANGNAROK_REQUEST {"method":"PUT","route":"PUT /api/apps/1ad5943f-93b8-404e-85c0-46fb65fd4b4c/source","status":200,"durationMs":26}

[90mstdout[2m | test/apps.test.ts[2m > [22m[2mrecovers from build failure: invalid revisions block build and failed edits preserve the live app
[22m[39mWRANGNAROK_REQUEST {"method":"POST","route":"POST /api/apps/1ad5943f-93b8-404e-85c0-46fb65fd4b4c/builds","status":202,"durationMs":19}

uncaught exception; exception = workerd/io/io-context.c++:1642: failed: jsg.Error: The Workers runtime canceled this request because it detected that your Worker's code had hung and would never generate a response. Refer to: https://developers.cloudflare.com/workers/observability/errors/
stack: 7ff6c4549690
[90mstdout[2m | test/apps.test.ts[2m > [22m[2mrecovers from build failure: invalid revisions block build and failed edits preserve the live app
[22m[39mWRANGNAROK_REQUEST {"method":"GET","route":"GET /api/apps/1ad5943f-93b8-404e-85c0-46fb65fd4b4c","status":200,"durationMs":9}

[90mstdout[2m | test/ninja-echo-digest.test.ts[2m > [22m[2mcancels a Pending digest execution on its own Workflow binding
[22m[39mWRANGNAROK_REQUEST {"method":"POST","route":"POST /api/executions/09c44396830b5f3eccdff30b0d8f48911063e6518dec4438c68a1f945af8d34d/cancel","status":200,"durationMs":53}

[90mstdout[2m | test/ninja-echo-digest.test.ts[2m > [22m[2mcancels a Pending digest execution on its own Workflow binding
[22m[39mWRANGNAROK_REQUEST {"method":"POST","route":"POST /api/executions","status":409,"durationMs":25}

[90mstdout[2m | test/apps.test.ts[2m > [22m[2mrecovers via parked-old-app slug swap with explicit replace semantics
[22m[39mWRANGNAROK_REQUEST {"method":"POST","route":"POST /api/apps","status":201,"durationMs":10}

[90mstdout[2m | test/apps.test.ts[2m > [22m[2mrecovers via parked-old-app slug swap with explicit replace semantics
[22m[39mWRANGNAROK_REQUEST {"method":"PUT","route":"PUT /api/apps/1c6562d2-fdda-4a45-9dda-99ce7ac158fc/source","status":200,"durationMs":18}

[90mstdout[2m | test/apps.test.ts[2m > [22m[2mrecovers via parked-old-app slug swap with explicit replace semantics
[22m[39mWRANGNAROK_REQUEST {"method":"POST","route":"POST /api/apps/1c6562d2-fdda-4a45-9dda-99ce7ac158fc/builds","status":202,"durationMs":35}

[90mstdout[2m | test/apps.test.ts[2m > [22m[2mrecovers via parked-old-app slug swap with explicit replace semantics
[22m[39mWRANGNAROK_REQUEST {"method":"POST","route":"POST /api/apps","status":201,"durationMs":17}

[90mstdout[2m | test/apps.test.ts[2m > [22m[2mrecovers via parked-old-app slug swap with explicit replace semantics
[22m[39mWRANGNAROK_REQUEST {"method":"PUT","route":"PUT /api/apps/7da27df3-5c59-41d1-b557-e86b8b0665cf/source","status":200,"durationMs":26}

[90mstdout[2m | test/apps.test.ts[2m > [22m[2mrecovers via parked-old-app slug swap with explicit replace semantics
[22m[39mWRANGNAROK_REQUEST {"method":"POST","route":"POST /api/apps/7da27df3-5c59-41d1-b557-e86b8b0665cf/builds","status":202,"durationMs":65}

[90mstdout[2m | test/apps.test.ts[2m > [22m[2mrecovers via parked-old-app slug swap with explicit replace semantics
[22m[39mWRANGNAROK_REQUEST {"method":"POST","route":"POST /api/apps/1c6562d2-fdda-4a45-9dda-99ce7ac158fc/swap","status":200,"durationMs":105}

[90mstdout[2m | test/apps.test.ts[2m > [22m[2mrecovers via parked-old-app slug swap with explicit replace semantics
[22m[39mWRANGNAROK_REQUEST {"method":"GET","route":"GET /api/apps/7da27df3-5c59-41d1-b557-e86b8b0665cf/assets/index.html","status":200,"durationMs":10}

[90mstdout[2m | test/apps.test.ts[2m > [22m[2menforces slug uniqueness per Organization (route conflicts fail closed)
[22m[39mWRANGNAROK_REQUEST {"method":"POST","route":"POST /api/apps","status":201,"durationMs":20}

[90mstdout[2m | test/apps.test.ts[2m > [22m[2menforces slug uniqueness per Organization (route conflicts fail closed)
[22m[39mWRANGNAROK_REQUEST {"method":"POST","route":"POST /api/apps","status":409,"durationMs":12}

[90mstdout[2m | test/apps.test.ts[2m > [22m[2menforces slug uniqueness per Organization (route conflicts fail closed)
[22m[39mWRANGNAROK_REQUEST {"method":"POST","route":"POST /api/apps","status":201,"durationMs":24}

[90mstdout[2m | test/apps.test.ts[2m > [22m[2mrejects concurrent publication races: fenced activation and fenced swaps
[22m[39mWRANGNAROK_REQUEST {"method":"POST","route":"POST /api/apps","status":201,"durationMs":27}

[90mstdout[2m | test/apps.test.ts[2m > [22m[2mrejects concurrent publication races: fenced activation and fenced swaps
[22m[39mWRANGNAROK_REQUEST {"method":"PUT","route":"PUT /api/apps/bb8ca17f-3c1d-43da-affe-d4a8bb47f2bf/source","status":200,"durationMs":33}

[90mstdout[2m | test/apps.test.ts[2m > [22m[2mrejects concurrent publication races: fenced activation and fenced swaps
[22m[39mWRANGNAROK_REQUEST {"method":"POST","route":"POST /api/apps/bb8ca17f-3c1d-43da-affe-d4a8bb47f2bf/builds","status":202,"durationMs":76}

[90mstdout[2m | test/apps.test.ts[2m > [22m[2mrejects concurrent publication races: fenced activation and fenced swaps
[22m[39mWRANGNAROK_REQUEST {"method":"POST","route":"POST /api/apps/bb8ca17f-3c1d-43da-affe-d4a8bb47f2bf/builds","status":202,"durationMs":96}

[90mstdout[2m | test/apps.test.ts[2m > [22m[2mrejects concurrent publication races: fenced activation and fenced swaps
[22m[39mWRANGNAROK_REQUEST {"method":"POST","route":"POST /api/apps/bb8ca17f-3c1d-43da-affe-d4a8bb47f2bf/swap","status":400,"durationMs":20}

[90mstdout[2m | test/apps.test.ts[2m > [22m[2mrejects owned (Solution-managed) mutation and never touches loose rows
[22m[39mWRANGNAROK_REQUEST {"method":"POST","route":"POST /api/apps","status":201,"durationMs":28}

[90mstdout[2m | test/apps.test.ts[2m > [22m[2mrejects owned (Solution-managed) mutation and never touches loose rows
[22m[39mWRANGNAROK_REQUEST {"method":"PUT","route":"PUT /api/apps/37c76daa-2f4e-4531-95f2-8b364c8af0f0/source","status":409,"durationMs":8}

[90mstdout[2m | test/apps.test.ts[2m > [22m[2mrejects owned (Solution-managed) mutation and never touches loose rows
[22m[39mWRANGNAROK_REQUEST {"method":"POST","route":"POST /api/apps/37c76daa-2f4e-4531-95f2-8b364c8af0f0/builds","status":409,"durationMs":11}

[90mstdout[2m | test/sdk.test.ts[2m > [22m[2mSDK automation client: local happy/denied/error examples[2m > [22m[2mkeeps the same caller policy as the UI: denied callers get 401/404, never data
[22m[39mWRANGNAROK_REQUEST {"method":"GET","route":"GET /api/executions/570675615b792fc1341498559104c50f5e90ba93d862edea16f797db29b6d928","status":401,"durationMs":0}

[90mstdout[2m | test/apps.test.ts[2m > [22m[2mrejects owned (Solution-managed) mutation and never touches loose rows
[22m[39mWRANGNAROK_REQUEST {"method":"POST","route":"POST /api/apps/37c76daa-2f4e-4531-95f2-8b364c8af0f0/swap","status":409,"durationMs":16}

[90mstdout[2m | test/apps.test.ts[2m > [22m[2mrejects owned (Solution-managed) mutation and never touches loose rows
[22m[39mWRANGNAROK_REQUEST {"method":"DELETE","route":"DELETE /api/apps/37c76daa-2f4e-4531-95f2-8b364c8af0f0","status":409,"durationMs":18}

[90mstdout[2m | test/apps.test.ts[2m > [22m[2mrejects owned (Solution-managed) mutation and never touches loose rows
[22m[39mWRANGNAROK_REQUEST {"method":"POST","route":"POST /api/apps","status":201,"durationMs":30}

[90mstdout[2m | test/apps.test.ts[2m > [22m[2mrejects owned (Solution-managed) mutation and never touches loose rows
[22m[39mWRANGNAROK_REQUEST {"method":"PUT","route":"PUT /api/apps/dc7d0461-c36d-4876-be75-3b915015169d/source","status":200,"durationMs":35}

[90mstdout[2m | test/apps.test.ts[2m > [22m[2mrejects owned (Solution-managed) mutation and never touches loose rows
[22m[39mWRANGNAROK_REQUEST {"method":"POST","route":"POST /api/apps/dc7d0461-c36d-4876-be75-3b915015169d/builds","status":202,"durationMs":59}

[90mstdout[2m | test/apps.test.ts[2m > [22m[2mrejects owned (Solution-managed) mutation and never touches loose rows
[22m[39mWRANGNAROK_REQUEST {"method":"DELETE","route":"DELETE /api/apps/dc7d0461-c36d-4876-be75-3b915015169d","status":200,"durationMs":15}

[90mstdout[2m | test/apps.test.ts[2m > [22m[2mrejects owned (Solution-managed) mutation and never touches loose rows
[22m[39mWRANGNAROK_REQUEST {"method":"GET","route":"GET /api/apps/dc7d0461-c36d-4876-be75-3b915015169d","status":404,"durationMs":7}

[90mstdout[2m | test/apps.test.ts[2m > [22m[2mscopes every route to the Organization: foreign rows 404, assets need a live deployment
[22m[39mWRANGNAROK_REQUEST {"method":"POST","route":"POST /api/apps","status":201,"durationMs":36}

[90mstdout[2m | test/apps.test.ts[2m > [22m[2mscopes every route to the Organization: foreign rows 404, assets need a live deployment
[22m[39mWRANGNAROK_REQUEST {"method":"GET","route":"GET /api/apps/ff8755ee-5f7a-4f33-b6df-ea5fd84582e1","status":404,"durationMs":12}

[90mstdout[2m | test/apps.test.ts[2m > [22m[2mscopes every route to the Organization: foreign rows 404, assets need a live deployment
[22m[39mWRANGNAROK_REQUEST {"method":"GET","route":"GET /api/apps/ff8755ee-5f7a-4f33-b6df-ea5fd84582e1/builds","status":404,"durationMs":4}

[90mstdout[2m | test/apps.test.ts[2m > [22m[2mscopes every route to the Organization: foreign rows 404, assets need a live deployment
[22m[39mWRANGNAROK_REQUEST {"method":"GET","route":"GET /api/apps/ff8755ee-5f7a-4f33-b6df-ea5fd84582e1/assets/index.html","status":404,"durationMs":7}

[90mstdout[2m | test/apps.test.ts[2m > [22m[2mscopes every route to the Organization: foreign rows 404, assets need a live deployment
[22m[39mWRANGNAROK_REQUEST {"method":"GET","route":"GET /api/apps/ff8755ee-5f7a-4f33-b6df-ea5fd84582e1","status":200,"durationMs":22}

[90mstdout[2m | test/apps.test.ts[2m > [22m[2mscopes every route to the Organization: foreign rows 404, assets need a live deployment
[22m[39mWRANGNAROK_REQUEST {"method":"GET","route":"GET /api/apps/ff8755ee-5f7a-4f33-b6df-ea5fd84582e1/assets/index.html","status":404,"durationMs":11}

[90mstdout[2m | test/sdk.test.ts[2m > [22m[2mSDK automation client: local happy/denied/error examples[2m > [22m[2mkeeps the same caller policy as the UI: denied callers get 401/404, never data
[22m[39mWRANGNAROK_REQUEST {"method":"GET","route":"GET /api/executions/570675615b792fc1341498559104c50f5e90ba93d862edea16f797db29b6d928","status":404,"durationMs":9}

[90mstdout[2m | test/apps.test.ts[2m > [22m[2mscopes every route to the Organization: foreign rows 404, assets need a live deployment
[22m[39mWRANGNAROK_REQUEST {"method":"GET","route":"GET /api/apps/00000000-0000-4000-8000-000000000099","status":404,"durationMs":13}

[90mstdout[2m | test/sdk.test.ts[2m > [22m[2mSDK automation client: local happy/denied/error examples[2m > [22m[2mkeeps the same caller policy as the UI: denied callers get 401/404, never data
[22m[39mWRANGNAROK_REQUEST {"method":"GET","route":"GET /api/executions/570675615b792fc1341498559104c50f5e90ba93d862edea16f797db29b6d928","status":404,"durationMs":10}

[90mstdout[2m | test/apps.test.ts[2m > [22m[2mvalidates inputs fail-closed: slugs, bodies, revisions, swaps, and query strings
[22m[39mWRANGNAROK_REQUEST {"method":"POST","route":"POST /api/apps","status":400,"durationMs":0}

[90mstdout[2m | test/sdk.test.ts[2m > [22m[2mSDK automation client: local happy/denied/error examples[2m > [22m[2msurfaces validation and contract errors with stable codes
[22m[39mWRANGNAROK_REQUEST {"method":"GET","route":"GET /api/sagas","status":200,"durationMs":0}

[90mstdout[2m | test/apps.test.ts[2m > [22m[2mvalidates inputs fail-closed: slugs, bodies, revisions, swaps, and query strings
[22m[39mWRANGNAROK_REQUEST {"method":"POST","route":"POST /api/apps","status":400,"durationMs":1}

[90mstdout[2m | test/sdk.test.ts[2m > [22m[2mSDK automation client: local happy/denied/error examples[2m > [22m[2msurfaces validation and contract errors with stable codes
[22m[39mWRANGNAROK_REQUEST {"method":"GET","route":"GET /api/sagas","status":200,"durationMs":0}

[90mstdout[2m | test/apps.test.ts[2m > [22m[2mvalidates inputs fail-closed: slugs, bodies, revisions, swaps, and query strings
[22m[39mWRANGNAROK_REQUEST {"method":"POST","route":"POST /api/apps","status":201,"durationMs":27}

[90mstdout[2m | test/sdk.test.ts[2m > [22m[2mSDK automation client: local happy/denied/error examples[2m > [22m[2msurfaces validation and contract errors with stable codes
[22m[39mWRANGNAROK_REQUEST {"method":"POST","route":"POST /api/executions","status":400,"durationMs":1}

[90mstdout[2m | test/apps.test.ts[2m > [22m[2mvalidates inputs fail-closed: slugs, bodies, revisions, swaps, and query strings
[22m[39mWRANGNAROK_REQUEST {"method":"PUT","route":"PUT /api/apps/17e70b3f-818f-431b-8120-f20998d9c0c5/source","status":400,"durationMs":9}

[90mstdout[2m | test/sdk.test.ts[2m > [22m[2mSDK automation client: local happy/denied/error examples[2m > [22m[2msurfaces validation and contract errors with stable codes
[22m[39mWRANGNAROK_REQUEST {"method":"GET","route":"GET /api/sdk","status":200,"durationMs":1}

[90mstdout[2m | test/apps.test.ts[2m > [22m[2mvalidates inputs fail-closed: slugs, bodies, revisions, swaps, and query strings
[22m[39mWRANGNAROK_REQUEST {"method":"PUT","route":"PUT /api/apps/17e70b3f-818f-431b-8120-f20998d9c0c5/source","status":400,"durationMs":12}

[90mstdout[2m | test/apps.test.ts[2m > [22m[2mvalidates inputs fail-closed: slugs, bodies, revisions, swaps, and query strings
[22m[39mWRANGNAROK_REQUEST {"method":"PUT","route":"PUT /api/apps/17e70b3f-818f-431b-8120-f20998d9c0c5/source","status":413,"durationMs":1}

[90mstdout[2m | test/apps.test.ts[2m > [22m[2mvalidates inputs fail-closed: slugs, bodies, revisions, swaps, and query strings
[22m[39mWRANGNAROK_REQUEST {"method":"POST","route":"POST /api/apps/17e70b3f-818f-431b-8120-f20998d9c0c5/swap","status":400,"durationMs":2}

[90mstdout[2m | test/apps.test.ts[2m > [22m[2mvalidates inputs fail-closed: slugs, bodies, revisions, swaps, and query strings
[22m[39mWRANGNAROK_REQUEST {"method":"GET","route":"GET /api/apps","status":400,"durationMs":1}

 [32m✓[39m test/sdk.test.ts [2m([22m[2m25 tests[22m[2m)[22m[33m 2575[2mms[22m[39m
     [33m[2m✓[22m[39m lists, inspects, submits, polls, and diagnoses a happy Execution [33m 818[2mms[22m[39m
     [33m[2m✓[22m[39m keeps the same caller policy as the UI: denied callers get 401/404, never data [33m 1463[2mms[22m[39m
[90mstdout[2m | test/apps.test.ts[2m > [22m[2mvalidates inputs fail-closed: slugs, bodies, revisions, swaps, and query strings
[22m[39mWRANGNAROK_REQUEST {"method":"GET","route":"GET /api/apps/17e70b3f-818f-431b-8120-f20998d9c0c5/secret","status":501,"durationMs":1}

An RPC stub was not disposed properly. You must call dispose() on all stubs in order to let the other side know that you are no longer using them. You cannot rely on the garbage collector for this because it may take arbitrarily long before actually collecting unreachable objects. As a shortcut, calling dispose() on the result of an RPC call disposes all stubs within it.
 [32m✓[39m test/apps.test.ts [2m([22m[2m8 tests[22m[2m)[22m[33m 1790[2mms[22m[39m
   [33m[2m✓[22m[39m recovers via parked-old-app slug swap with explicit replace semantics [33m 342[2mms[22m[39m
   [33m[2m✓[22m[39m rejects concurrent publication races: fenced activation and fenced swaps [33m 337[2mms[22m[39m
   [33m[2m✓[22m[39m rejects owned (Solution-managed) mutation and never touches loose rows [33m 302[2mms[22m[39m
 [32m✓[39m test/ninja-echo-digest.test.ts [2m([22m[2m5 tests[22m[2m)[22m[33m 8950[2mms[22m[39m
   [33m[2m✓[22m[39m runs the NinjaOne census through the echo Integration end to end [33m 1391[2mms[22m[39m
   [33m[2m✓[22m[39m fails loud on NinjaOne auth without ever calling echo [33m 524[2mms[22m[39m
   [33m[2m✓[22m[39m never auto-retries a failing echo of the digest [33m 308[2mms[22m[39m
   [33m[2m✓[22m[39m surfaces a slow NinjaOne vendor as TimedOut through the explicit timeout step [33m 6574[2mms[22m[39m
[90mstdout[2m | test/echo-secretfields.test.ts[2m > [22m[2mcarries no secret-like material through echo API surfaces
[22m[39mWRANGNAROK_REQUEST {"method":"POST","route":"POST /api/executions","status":202,"durationMs":67}

[90mstdout[2m | test/cancel-confirmation.test.ts[2m > [22m[2mreaches the native terminated state through the cancel route
[22m[39mWRANGNAROK_REQUEST {"method":"POST","route":"POST /api/executions","status":202,"durationMs":226}

[90mstdout[2m | test/cancel-confirmation.test.ts[2m > [22m[2mreaches the native terminated state through the cancel route
[22m[39mWRANGNAROK_REQUEST {"method":"GET","route":"GET /api/executions/7e7c3a8bff3cbc13fd90252e25849a43928e5e46d236a687cd983f0ea8e7d20e","status":200,"durationMs":20}

uncaught exception; source = Uncaught (in promise); stack = Error: Engine was never started
    at Engine.getStatus (file:///C:/Users/ThomasBray/AppData/Local/Temp/opencode/parity-con-01/node_modules/miniflare/dist/src/workers/workflows/binding.worker.js:14493:15)
uncaught exception; source = Uncaught (in promise); stack = Error: Engine was never started
    at Engine.getStatus (file:///C:/Users/ThomasBray/AppData/Local/Temp/opencode/parity-con-01/node_modules/miniflare/dist/src/workers/workflows/binding.worker.js:14493:15)
uncaught exception; source = Uncaught (in promise); stack = Error: instance.not_found
    at WorkflowBinding.get (file:///C:/Users/ThomasBray/AppData/Local/Temp/opencode/parity-con-01/node_modules/miniflare/dist/src/workers/workflows/binding.worker.js:15150:13)
[90mstdout[2m | test/cancel-confirmation.test.ts[2m > [22m[2mreaches the native terminated state through the cancel route
[22m[39mWRANGNAROK_REQUEST {"method":"GET","route":"GET /api/executions/7e7c3a8bff3cbc13fd90252e25849a43928e5e46d236a687cd983f0ea8e7d20e","status":200,"durationMs":19}

uncaught exception; exception = workerd/api/actor-state.c++:1197: failed: broken.outputGateBroken; jsg.Error: Aborting engine: User called terminate
stack: 7ff6c4549690
uncaught exception; exception = workerd/api/actor-state.c++:1197: failed: broken.outputGateBroken; jsg.Error: Aborting engine: User called terminate
stack: 7ff6c4549690
uncaught exception; exception = workerd/api/actor-state.c++:1197: failed: broken.outputGateBroken; jsg.Error: Aborting engine: User called terminate
stack: 7ff6c4549690
[90mstdout[2m | test/forms.test.ts[2m > [22m[2mreads the persisted pilot declaration
[22m[39mWRANGNAROK_REQUEST {"method":"GET","route":"GET /api/forms/hello-greeting","status":200,"durationMs":9}

[90mstdout[2m | test/cancel-confirmation.test.ts[2m > [22m[2mreaches the native terminated state through the cancel route
[22m[39mWRANGNAROK_REQUEST {"method":"POST","route":"POST /api/executions/7e7c3a8bff3cbc13fd90252e25849a43928e5e46d236a687cd983f0ea8e7d20e/cancel","status":200,"durationMs":47}

[90mstdout[2m | test/forms.test.ts[2m > [22m[2mreads the persisted pilot declaration
[22m[39mWRANGNAROK_REQUEST {"method":"GET","route":"GET /api/forms/no-such-form","status":404,"durationMs":8}

[90mstdout[2m | test/cancel-confirmation.test.ts[2m > [22m[2mreaches the native terminated state through the cancel route
[22m[39mWRANGNAROK_REQUEST {"method":"GET","route":"GET /api/executions/7e7c3a8bff3cbc13fd90252e25849a43928e5e46d236a687cd983f0ea8e7d20e","status":200,"durationMs":14}

[90mstdout[2m | test/forms.test.ts[2m > [22m[2msubmits the pilot form end to end: bind, dispatch, persisted success
[22m[39mWRANGNAROK_REQUEST {"method":"POST","route":"POST /api/forms/hello-greeting/submit","status":202,"durationMs":55}

uncaught exception; exception = workerd/io/io-context.c++:1642: failed: jsg.Error: The Workers runtime canceled this request because it detected that your Worker's code had hung and would never generate a response. Refer to: https://developers.cloudflare.com/workers/observability/errors/
stack: 7ff6c4549690
[90mstdout[2m | test/org-ctx.test.ts[2m > [22m[2mkeeps Execution history readable after a Saga source rename
[22m[39mWRANGNAROK_REQUEST {"method":"GET","route":"GET /api/executions/bbbbbbbbbbbbbbbbbbbbbbbbbbbbbbbbbbbbbbbbbbbbbbbbbbbbbbbbbbbbbbbb","status":200,"durationMs":63}

[90mstdout[2m | test/apps-branches.test.ts[2m > [22m[2mrejects malformed UUID segments with INVALID_APP_ID, never a route leak
[22m[39mWRANGNAROK_REQUEST {"method":"GET","route":"GET /api/apps/------------------------------------","status":400,"durationMs":6}

[90mstdout[2m | test/apps-branches.test.ts[2m > [22m[2mrejects malformed UUID segments with INVALID_APP_ID, never a route leak
[22m[39mWRANGNAROK_REQUEST {"method":"POST","route":"POST /api/apps","status":201,"durationMs":21}

[90mstdout[2m | test/apps-branches.test.ts[2m > [22m[2mrejects malformed UUID segments with INVALID_APP_ID, never a route leak
[22m[39mWRANGNAROK_REQUEST {"method":"GET","route":"GET /api/apps/ddda0f5d-97d9-41e9-aa82-110330e47680/builds/------------------------------------","status":400,"durationMs":4}

[90mstdout[2m | test/apps-branches.test.ts[2m > [22m[2mcollects source shape failures field by field instead of throwing blind
[22m[39mWRANGNAROK_REQUEST {"method":"POST","route":"POST /api/apps","status":201,"durationMs":37}

[90mstdout[2m | test/apps-branches.test.ts[2m > [22m[2mcollects source shape failures field by field instead of throwing blind
[22m[39mWRANGNAROK_REQUEST {"method":"PUT","route":"PUT /api/apps/147e4cc3-82f7-4afd-814a-6304855aefc2/source","status":422,"durationMs":22}

[90mstdout[2m | test/apps-branches.test.ts[2m > [22m[2mcollects source shape failures field by field instead of throwing blind
[22m[39mWRANGNAROK_REQUEST {"method":"PUT","route":"PUT /api/apps/147e4cc3-82f7-4afd-814a-6304855aefc2/source","status":422,"durationMs":14}

[90mstdout[2m | test/apps-branches.test.ts[2m > [22m[2mcollects source shape failures field by field instead of throwing blind
[22m[39mWRANGNAROK_REQUEST {"method":"PUT","route":"PUT /api/apps/147e4cc3-82f7-4afd-814a-6304855aefc2/source","status":422,"durationMs":25}

[90mstdout[2m | test/apps-branches.test.ts[2m > [22m[2mcollects source shape failures field by field instead of throwing blind
[22m[39mWRANGNAROK_REQUEST {"method":"PUT","route":"PUT /api/apps/147e4cc3-82f7-4afd-814a-6304855aefc2/source","status":422,"durationMs":18}

[90mstdout[2m | test/apps-branches.test.ts[2m > [22m[2mcollects source shape failures field by field instead of throwing blind
[22m[39mWRANGNAROK_REQUEST {"method":"PUT","route":"PUT /api/apps/147e4cc3-82f7-4afd-814a-6304855aefc2/source","status":422,"durationMs":23}

[90mstdout[2m | test/apps-branches.test.ts[2m > [22m[2mcollects source shape failures field by field instead of throwing blind
[22m[39mWRANGNAROK_REQUEST {"method":"PUT","route":"PUT /api/apps/147e4cc3-82f7-4afd-814a-6304855aefc2/source","status":400,"durationMs":3}

[90mstdout[2m | test/apps-branches.test.ts[2m > [22m[2manswers unknown apps 404 on every lookup and mutation route
[22m[39mWRANGNAROK_REQUEST {"method":"GET","route":"GET /api/apps/00000000-0000-4000-8000-000000000099","status":404,"durationMs":5}

[90mstdout[2m | test/apps-branches.test.ts[2m > [22m[2manswers unknown apps 404 on every lookup and mutation route
[22m[39mWRANGNAROK_REQUEST {"method":"DELETE","route":"DELETE /api/apps/00000000-0000-4000-8000-000000000099","status":404,"durationMs":5}

[90mstdout[2m | test/apps-branches.test.ts[2m > [22m[2manswers unknown apps 404 on every lookup and mutation route
[22m[39mWRANGNAROK_REQUEST {"method":"PUT","route":"PUT /api/apps/00000000-0000-4000-8000-000000000099/source","status":404,"durationMs":6}

[90mstdout[2m | test/apps-branches.test.ts[2m > [22m[2manswers unknown apps 404 on every lookup and mutation route
[22m[39mWRANGNAROK_REQUEST {"method":"POST","route":"POST /api/apps/00000000-0000-4000-8000-000000000099/validate","status":404,"durationMs":6}

[90mstdout[2m | test/apps-branches.test.ts[2m > [22m[2manswers unknown apps 404 on every lookup and mutation route
[22m[39mWRANGNAROK_REQUEST {"method":"POST","route":"POST /api/apps/00000000-0000-4000-8000-000000000099/builds","status":404,"durationMs":4}

[90mstdout[2m | test/apps-branches.test.ts[2m > [22m[2manswers unknown apps 404 on every lookup and mutation route
[22m[39mWRANGNAROK_REQUEST {"method":"GET","route":"GET /api/apps/00000000-0000-4000-8000-000000000099/builds","status":404,"durationMs":3}

[90mstdout[2m | test/apps-branches.test.ts[2m > [22m[2manswers unknown apps 404 on every lookup and mutation route
[22m[39mWRANGNAROK_REQUEST {"method":"GET","route":"GET /api/apps/00000000-0000-4000-8000-000000000099/builds/00000000-0000-4000-8000-000000000099","status":404,"durationMs":6}

[90mstdout[2m | test/apps-branches.test.ts[2m > [22m[2manswers unknown apps 404 on every lookup and mutation route
[22m[39mWRANGNAROK_REQUEST {"method":"POST","route":"POST /api/apps/00000000-0000-4000-8000-000000000099/swap","status":404,"durationMs":12}

[90mstdout[2m | test/apps-branches.test.ts[2m > [22m[2mrejects non-object bodies and unknown swap/job targets fail-closed
[22m[39mWRANGNAROK_REQUEST {"method":"POST","route":"POST /api/apps","status":400,"durationMs":0}

[90mstdout[2m | test/cancel-confirmation.test.ts[2m > [22m[2mdoes not confirm cancellation when native terminate fails transiently
[22m[39mWRANGNAROK_REQUEST {"method":"POST","route":"POST /api/executions","status":202,"durationMs":63}

[90mstdout[2m | test/apps-branches.test.ts[2m > [22m[2mrejects non-object bodies and unknown swap/job targets fail-closed
[22m[39mWRANGNAROK_REQUEST {"method":"POST","route":"POST /api/apps","status":201,"durationMs":19}

[90mstdout[2m | test/cancel-confirmation.test.ts[2m > [22m[2mdoes not confirm cancellation when native terminate fails transiently
[22m[39mWRANGNAROK_REQUEST {"method":"POST","route":"POST /api/executions/c8d17c00eafcddc186211bd48e86c26953701970ea9aff5bc4179bddeb535f4f/cancel","status":503,"durationMs":52}

[90mstdout[2m | test/apps-branches.test.ts[2m > [22m[2mrejects non-object bodies and unknown swap/job targets fail-closed
[22m[39mWRANGNAROK_REQUEST {"method":"PUT","route":"PUT /api/apps/6f1ea594-1276-4588-ae08-111896221334/source","status":400,"durationMs":4}

[90mstdout[2m | test/apps-branches.test.ts[2m > [22m[2mrejects non-object bodies and unknown swap/job targets fail-closed
[22m[39mWRANGNAROK_REQUEST {"method":"POST","route":"POST /api/apps/6f1ea594-1276-4588-ae08-111896221334/swap","status":404,"durationMs":15}

[90mstdout[2m | test/apps-branches.test.ts[2m > [22m[2mrejects non-object bodies and unknown swap/job targets fail-closed
[22m[39mWRANGNAROK_REQUEST {"method":"PUT","route":"PUT /api/apps/6f1ea594-1276-4588-ae08-111896221334/source","status":200,"durationMs":20}

[90mstdout[2m | test/apps-branches.test.ts[2m > [22m[2mrejects non-object bodies and unknown swap/job targets fail-closed
[22m[39mWRANGNAROK_REQUEST {"method":"POST","route":"POST /api/apps/6f1ea594-1276-4588-ae08-111896221334/builds","status":202,"durationMs":57}

[90mstdout[2m | test/apps-branches.test.ts[2m > [22m[2mrejects non-object bodies and unknown swap/job targets fail-closed
[22m[39mWRANGNAROK_REQUEST {"method":"GET","route":"GET /api/apps/6f1ea594-1276-4588-ae08-111896221334/builds/00000000-0000-4000-8000-000000000099","status":404,"durationMs":10}

[90mstdout[2m | test/apps-branches.test.ts[2m > [22m[2mvalidates the current revision explicitly: empty, invalid, then missing file assets
[22m[39mWRANGNAROK_REQUEST {"method":"POST","route":"POST /api/apps","status":201,"durationMs":18}

[90mstdout[2m | test/apps-branches.test.ts[2m > [22m[2mvalidates the current revision explicitly: empty, invalid, then missing file assets
[22m[39mWRANGNAROK_REQUEST {"method":"POST","route":"POST /api/apps/79693e5d-0328-4007-a8a7-248b3b4a701a/validate","status":409,"durationMs":14}

uncaught exception; source = Uncaught (in promise); stack = NonRetryableError: Unknown Saga revision.
    at prepareExecution (C:/Users/ThomasBray/AppData/Local/Temp/opencode/parity-con-01/src/executions.ts:210:11)
[90mstdout[2m | test/apps-branches.test.ts[2m > [22m[2mvalidates the current revision explicitly: empty, invalid, then missing file assets
[22m[39mWRANGNAROK_REQUEST {"method":"PUT","route":"PUT /api/apps/79693e5d-0328-4007-a8a7-248b3b4a701a/source","status":422,"durationMs":21}

[90mstdout[2m | test/apps-branches.test.ts[2m > [22m[2mvalidates the current revision explicitly: empty, invalid, then missing file assets
[22m[39mWRANGNAROK_REQUEST {"method":"POST","route":"POST /api/apps/79693e5d-0328-4007-a8a7-248b3b4a701a/validate","status":422,"durationMs":18}

[90mstdout[2m | test/apps-branches.test.ts[2m > [22m[2mvalidates the current revision explicitly: empty, invalid, then missing file assets
[22m[39mWRANGNAROK_REQUEST {"method":"PUT","route":"PUT /api/apps/79693e5d-0328-4007-a8a7-248b3b4a701a/source","status":200,"durationMs":31}

[90mstdout[2m | test/apps-branches.test.ts[2m > [22m[2mvalidates the current revision explicitly: empty, invalid, then missing file assets
[22m[39mWRANGNAROK_REQUEST {"method":"POST","route":"POST /api/apps/79693e5d-0328-4007-a8a7-248b3b4a701a/builds","status":202,"durationMs":61}

uncaught exception; source = Uncaught (in promise); stack = Error: NonRetryableError: Unknown Saga revision.
    at async doWrapper (file:///C:/Users/ThomasBray/AppData/Local/Temp/opencode/parity-con-01/node_modules/miniflare/dist/src/workers/workflows/binding.worker.js:13525:53)
    at async Context.do (file:///C:/Users/ThomasBray/AppData/Local/Temp/opencode/parity-con-01/node_modules/miniflare/dist/src/workers/workflows/binding.worker.js:13789:17)
[90mstdout[2m | test/apps-branches.test.ts[2m > [22m[2mvalidates the current revision explicitly: empty, invalid, then missing file assets
[22m[39mWRANGNAROK_REQUEST {"method":"GET","route":"GET /api/apps/79693e5d-0328-4007-a8a7-248b3b4a701a/assets/no-such-file.html","status":404,"durationMs":13}

[90mstdout[2m | test/apps-branches.test.ts[2m > [22m[2mvalidates the current revision explicitly: empty, invalid, then missing file assets
[22m[39mWRANGNAROK_REQUEST {"method":"GET","route":"GET /api/apps/79693e5d-0328-4007-a8a7-248b3b4a701a/assets/xxxxxxxxxxxxxxxxxxxxxxxxxxxxxxxxxxxxxxxxxxxxxxxxxxxxxxxxxxxxxxxxxxxxxxxxxxxxxxxxxxxxxxxxxxxxxxxxxxxxxxxxxxxxxxxxxxxxxxxxxxxxxxxxxxxxxxxxxxxxxxxxxxxxxxxxxxxxxxxxxxxxxxxxxxxxxxxxxxxxxxxxxxxxxxxxxxxxxxxx","status":400,"durationMs":6}

[90mstdout[2m | test/apps-branches.test.ts[2m > [22m[2mkeeps a live app live across valid edits
[22m[39mWRANGNAROK_REQUEST {"method":"POST","route":"POST /api/apps","status":201,"durationMs":15}

[90mstdout[2m | test/apps-branches.test.ts[2m > [22m[2mkeeps a live app live across valid edits
[22m[39mWRANGNAROK_REQUEST {"method":"PUT","route":"PUT /api/apps/e7b44e1d-52a9-48c7-a6b1-50ee1f296653/source","status":200,"durationMs":21}

[90mstdout[2m | test/apps-branches.test.ts[2m > [22m[2mkeeps a live app live across valid edits
[22m[39mWRANGNAROK_REQUEST {"method":"POST","route":"POST /api/apps/e7b44e1d-52a9-48c7-a6b1-50ee1f296653/builds","status":202,"durationMs":38}

[90mstdout[2m | test/apps-branches.test.ts[2m > [22m[2mkeeps a live app live across valid edits
[22m[39mWRANGNAROK_REQUEST {"method":"PUT","route":"PUT /api/apps/e7b44e1d-52a9-48c7-a6b1-50ee1f296653/source","status":200,"durationMs":21}

[90mstdout[2m | test/apps-branches.test.ts[2m > [22m[2mkeeps a live app live across valid edits
[22m[39mWRANGNAROK_REQUEST {"method":"GET","route":"GET /api/apps/e7b44e1d-52a9-48c7-a6b1-50ee1f296653","status":200,"durationMs":29}

[90mstdout[2m | test/apps-branches.test.ts[2m > [22m[2mfails a poisoned build closed and keeps the failed job inspectable
[22m[39mWRANGNAROK_REQUEST {"method":"POST","route":"POST /api/apps","status":201,"durationMs":29}

[90mstdout[2m | test/apps-branches.test.ts[2m > [22m[2mfails a poisoned build closed and keeps the failed job inspectable
[22m[39mWRANGNAROK_REQUEST {"method":"PUT","route":"PUT /api/apps/242f718d-a94a-4fa7-8994-f44bb31556c9/source","status":200,"durationMs":27}

[90mstdout[2m | test/apps-branches.test.ts[2m > [22m[2mfails a poisoned build closed and keeps the failed job inspectable
[22m[39mWRANGNAROK_REQUEST {"method":"POST","route":"POST /api/apps/242f718d-a94a-4fa7-8994-f44bb31556c9/builds","status":202,"durationMs":39}

[90mstdout[2m | test/apps-branches.test.ts[2m > [22m[2mfails a poisoned build closed and keeps the failed job inspectable
[22m[39mWRANGNAROK_REQUEST {"method":"GET","route":"GET /api/apps/242f718d-a94a-4fa7-8994-f44bb31556c9/builds","status":200,"durationMs":7}

uncaught exception; source = Uncaught (in promise); stack = NonRetryableError: EXECUTION_FAILED
    at Object.run (C:/Users/ThomasBray/AppData/Local/Temp/opencode/parity-con-01/src/sagas/echo.ts:116:13)
    at executeSaga (C:/Users/ThomasBray/AppData/Local/Temp/opencode/parity-con-01/src/sagas/shared.ts:38:20)
[90mstdout[2m | test/apps-branches.test.ts[2m > [22m[2mfails a poisoned build closed and keeps the failed job inspectable
[22m[39mWRANGNAROK_REQUEST {"method":"GET","route":"GET /api/apps/242f718d-a94a-4fa7-8994-f44bb31556c9","status":200,"durationMs":8}

[90mstdout[2m | test/echo-secretfields.test.ts[2m > [22m[2mcarries no secret-like material through echo API surfaces
[22m[39mWRANGNAROK_REQUEST {"method":"GET","route":"GET /api/executions/5b09b0f198666da0194fdd9257683e0d88818b29cc97afc8d603e9474e2f0977","status":200,"durationMs":49}

[90mstdout[2m | test/apps-branches.test.ts[2m > [22m[2mpreserves the live pointer when a later build fails after deploy
[22m[39mWRANGNAROK_REQUEST {"method":"POST","route":"POST /api/apps","status":201,"durationMs":18}

[90mstdout[2m | test/apps-branches.test.ts[2m > [22m[2mpreserves the live pointer when a later build fails after deploy
[22m[39mWRANGNAROK_REQUEST {"method":"PUT","route":"PUT /api/apps/f801b5af-61fe-4e0e-9e1c-2f1b3bf95fa9/source","status":200,"durationMs":13}

[90mstdout[2m | test/apps-branches.test.ts[2m > [22m[2mpreserves the live pointer when a later build fails after deploy
[22m[39mWRANGNAROK_REQUEST {"method":"POST","route":"POST /api/apps/f801b5af-61fe-4e0e-9e1c-2f1b3bf95fa9/builds","status":202,"durationMs":67}

uncaught exception; exception = workerd/api/actor-state.c++:1197: failed: broken.outputGateBroken; jsg.Error: Aborting engine: A step threw a NonRetryableError
stack: 7ff6c4549690
[90mstdout[2m | test/apps-branches.test.ts[2m > [22m[2mpreserves the live pointer when a later build fails after deploy
[22m[39mWRANGNAROK_REQUEST {"method":"GET","route":"GET /api/apps/f801b5af-61fe-4e0e-9e1c-2f1b3bf95fa9","status":200,"durationMs":56}

[90mstdout[2m | test/apps-branches.test.ts[2m > [22m[2mpreserves the live pointer when a later build fails after deploy
[22m[39mWRANGNAROK_REQUEST {"method":"POST","route":"POST /api/apps/f801b5af-61fe-4e0e-9e1c-2f1b3bf95fa9/builds","status":202,"durationMs":37}

[90mstdout[2m | test/apps-branches.test.ts[2m > [22m[2mpreserves the live pointer when a later build fails after deploy
[22m[39mWRANGNAROK_REQUEST {"method":"GET","route":"GET /api/apps/f801b5af-61fe-4e0e-9e1c-2f1b3bf95fa9","status":200,"durationMs":14}

[90mstdout[2m | test/apps-branches.test.ts[2m > [22m[2mserves nothing once the active deployment row is gone
[22m[39mWRANGNAROK_REQUEST {"method":"POST","route":"POST /api/apps","status":201,"durationMs":29}

[90mstdout[2m | test/apps-branches.test.ts[2m > [22m[2mserves nothing once the active deployment row is gone
[22m[39mWRANGNAROK_REQUEST {"method":"PUT","route":"PUT /api/apps/1c052896-c107-4c5a-8a11-02499150180f/source","status":200,"durationMs":35}

[90mstdout[2m | test/apps-branches.test.ts[2m > [22m[2mserves nothing once the active deployment row is gone
[22m[39mWRANGNAROK_REQUEST {"method":"POST","route":"POST /api/apps/1c052896-c107-4c5a-8a11-02499150180f/builds","status":202,"durationMs":41}

[90mstdout[2m | test/cancel-confirmation.test.ts[2m > [22m[2mdoes not confirm cancellation when native terminate fails transiently
[22m[39mWRANGNAROK_REQUEST {"method":"POST","route":"POST /api/executions/c8d17c00eafcddc186211bd48e86c26953701970ea9aff5bc4179bddeb535f4f/cancel","status":200,"durationMs":23}

[90mstdout[2m | test/apps-branches.test.ts[2m > [22m[2mserves nothing once the active deployment row is gone
[22m[39mWRANGNAROK_REQUEST {"method":"GET","route":"GET /api/apps/1c052896-c107-4c5a-8a11-02499150180f","status":200,"durationMs":39}

[90mstdout[2m | test/apps-branches.test.ts[2m > [22m[2mserves nothing once the active deployment row is gone
[22m[39mWRANGNAROK_REQUEST {"method":"GET","route":"GET /api/apps/1c052896-c107-4c5a-8a11-02499150180f/assets/index.html","status":404,"durationMs":24}

 [32m✓[39m test/apps-branches.test.ts [2m([22m[2m10 tests[22m[2m)[22m[33m 1843[2mms[22m[39m
   [33m[2m✓[22m[39m preserves the live pointer when a later build fails after deploy [33m 304[2mms[22m[39m
 [32m✓[39m test/org-ctx.test.ts [2m([22m[2m10 tests[22m[2m)[22m[33m 976[2mms[22m[39m
[90mstdout[2m | test/forms.test.ts[2m > [22m[2msubmits the pilot form end to end: bind, dispatch, persisted success
[22m[39mWRANGNAROK_REQUEST {"method":"GET","route":"GET /api/executions/789bb32bb7178c3f6b3f30c4b3c62ef161b12b5f0c7a256c1a9766f9721c0aaa","status":200,"durationMs":29}

[90mstdout[2m | test/forms.test.ts[2m > [22m[2mrejects invalid submissions with structured per-field 422 details
[22m[39mWRANGNAROK_REQUEST {"method":"POST","route":"POST /api/forms/hello-greeting/submit","status":422,"durationMs":8}

[90mstdout[2m | test/forms.test.ts[2m > [22m[2mrejects invalid submissions with structured per-field 422 details
[22m[39mWRANGNAROK_REQUEST {"method":"POST","route":"POST /api/forms/hello-greeting/submit","status":422,"durationMs":13}

[90mstdout[2m | test/echo-secretfields.test.ts[2m > [22m[2mcarries no secret-like material through echo API surfaces
[22m[39mWRANGNAROK_REQUEST {"method":"GET","route":"GET /api/sagas","status":200,"durationMs":3}

[90mstdout[2m | test/forms.test.ts[2m > [22m[2mrejects invalid submissions with structured per-field 422 details
[22m[39mWRANGNAROK_REQUEST {"method":"POST","route":"POST /api/forms/hello-greeting/submit","status":422,"durationMs":5}

[90mstdout[2m | test/echo-secretfields.test.ts[2m > [22m[2mcarries no secret-like material through echo API surfaces
[22m[39mWRANGNAROK_REQUEST {"method":"GET","route":"GET /api/executions","status":200,"durationMs":19}

[90mstdout[2m | test/echo-secretfields.test.ts[2m > [22m[2mcarries no secret-like material through echo API surfaces
[22m[39mWRANGNAROK_REQUEST {"method":"GET","route":"GET /api/executions/5b09b0f198666da0194fdd9257683e0d88818b29cc97afc8d603e9474e2f0977","status":200,"durationMs":20}

[90mstdout[2m | test/forms.test.ts[2m > [22m[2mnever resolves another Organization's form
[22m[39mWRANGNAROK_REQUEST {"method":"GET","route":"GET /api/forms/hello-greeting","status":404,"durationMs":10}

[90mstdout[2m | test/forms.test.ts[2m > [22m[2mnever resolves another Organization's form
[22m[39mWRANGNAROK_REQUEST {"method":"POST","route":"POST /api/forms/hello-greeting/submit","status":404,"durationMs":8}

[90mstdout[2m | test/forms.test.ts[2m > [22m[2mbounds submissions, rejects bad content types, and keeps the Saga gate authoritative
[22m[39mWRANGNAROK_REQUEST {"method":"POST","route":"POST /api/forms/hello-greeting/submit","status":422,"durationMs":12}

[90mstdout[2m | test/forms.test.ts[2m > [22m[2mbounds submissions, rejects bad content types, and keeps the Saga gate authoritative
[22m[39mWRANGNAROK_REQUEST {"method":"POST","route":"POST /api/forms/hello-greeting/submit","status":422,"durationMs":9}

[90mstdout[2m | test/forms.test.ts[2m > [22m[2mbounds submissions, rejects bad content types, and keeps the Saga gate authoritative
[22m[39mWRANGNAROK_REQUEST {"method":"POST","route":"POST /api/forms/hello-greeting/submit","status":422,"durationMs":10}

[90mstdout[2m | test/forms.test.ts[2m > [22m[2mbounds submissions, rejects bad content types, and keeps the Saga gate authoritative
[22m[39mWRANGNAROK_REQUEST {"method":"POST","route":"POST /api/forms/hello-greeting/submit","status":415,"durationMs":0}

[90mstdout[2m | test/forms.test.ts[2m > [22m[2mbounds submissions, rejects bad content types, and keeps the Saga gate authoritative
[22m[39mWRANGNAROK_REQUEST {"method":"POST","route":"POST /api/forms/no-such-form/submit","status":404,"durationMs":22}

[90mstdout[2m | test/cancel-confirmation.test.ts[2m > [22m[2mdoes not confirm cancellation when a dispatched native instance is gone
[22m[39mWRANGNAROK_REQUEST {"method":"POST","route":"POST /api/executions/3d4820ae59b1dc7ab3fa678b669d6ecc1ab877cf744c419b3e102e5df85ee6a8/cancel","status":503,"durationMs":17}

[90mstdout[2m | test/forms.test.ts[2m > [22m[2mbounds submissions, rejects bad content types, and keeps the Saga gate authoritative
[22m[39mWRANGNAROK_REQUEST {"method":"POST","route":"POST /api/forms/hello-greeting/submit","status":202,"durationMs":157}

[90mstdout[2m | test/cancel-confirmation.test.ts[2m > [22m[2mstill cancels a Pending Execution whose native instance never existed
[22m[39mWRANGNAROK_REQUEST {"method":"POST","route":"POST /api/executions/051f2042b28363dad4916caae1cc7befd1c34760fef3a101f04a1906ac1e2afb/cancel","status":200,"durationMs":20}

[90mstdout[2m | test/forms.test.ts[2m > [22m[2mbounds submissions, rejects bad content types, and keeps the Saga gate authoritative
[22m[39mWRANGNAROK_REQUEST {"method":"POST","route":"POST /api/forms/hello-greeting/submit","status":200,"durationMs":65}

uncaught exception; source = Uncaught (in promise); stack = Error: D1_ERROR: no such table: executions: SQLITE_ERROR
    at D1DatabaseSessionAlwaysPrimary._sendOrThrow (cloudflare-internal:d1-api:188:19)
    at cloudflare-internal:d1-api:440:19
    at prepareExecution (C:/Users/ThomasBray/AppData/Local/Temp/opencode/parity-con-01/src/executions.ts:208:15)
[90mstdout[2m | test/connections.test.ts[2m > [22m[2mIntegration discovery (CON-01)[2m > [22m[2mserves portable definitions with schema, defaults, and health — never org state
[22m[39mWRANGNAROK_REQUEST {"method":"GET","route":"GET /api/integrations","status":200,"durationMs":7}

[90mstdout[2m | test/cancel-confirmation.test.ts[2m > [22m[2mconfirms cancellation when the engine already settled natively
[22m[39mWRANGNAROK_REQUEST {"method":"POST","route":"POST /api/executions","status":202,"durationMs":288}

 [32m✓[39m test/forms.test.ts [2m([22m[2m5 tests[22m[2m)[22m[33m 1174[2mms[22m[39m
   [33m[2m✓[22m[39m submits the pilot form end to end: bind, dispatch, persisted success [33m 402[2mms[22m[39m
   [33m[2m✓[22m[39m bounds submissions, rejects bad content types, and keeps the Saga gate authoritative [33m 400[2mms[22m[39m
[90mstdout[2m | test/cancel-confirmation.test.ts[2m > [22m[2mconfirms cancellation when the engine already settled natively
[22m[39mWRANGNAROK_REQUEST {"method":"POST","route":"POST /api/executions/fb6a4ea71e241f22b0023ece3eb754ceb5d03b5fb37b474f56d6c3f75e096219/cancel","status":200,"durationMs":45}

[90mstdout[2m | test/connections.test.ts[2m > [22m[2mIntegration discovery (CON-01)[2m > [22m[2mdenies unauthenticated discovery and rejects query strings
[22m[39mWRANGNAROK_REQUEST {"method":"GET","route":"GET /api/integrations","status":401,"durationMs":1}

[90mstdout[2m | test/connections.test.ts[2m > [22m[2mIntegration discovery (CON-01)[2m > [22m[2mdenies unauthenticated discovery and rejects query strings
[22m[39mWRANGNAROK_REQUEST {"method":"GET","route":"GET /api/integrations","status":400,"durationMs":1}

[90mstdout[2m | test/connections.test.ts[2m > [22m[2mConnection CRUD (CON-01)[2m > [22m[2mcreates, reads, updates, disables, and deletes a loose mapping with stable identity
[22m[39mWRANGNAROK_REQUEST {"method":"POST","route":"POST /api/connections","status":201,"durationMs":20}

[90mstdout[2m | test/connections.test.ts[2m > [22m[2mConnection CRUD (CON-01)[2m > [22m[2mcreates, reads, updates, disables, and deletes a loose mapping with stable identity
[22m[39mWRANGNAROK_REQUEST {"method":"GET","route":"GET /api/connections/720b9ebf-9b6a-4eac-bae9-6ed22c970402","status":200,"durationMs":6}

[90mstdout[2m | test/cancel-confirmation.test.ts[2m > [22m[2mkeeps the 503 body free of native diagnostics and scoped to the owner
[22m[39mWRANGNAROK_REQUEST {"method":"POST","route":"POST /api/executions","status":202,"durationMs":100}

[90mstdout[2m | test/connections.test.ts[2m > [22m[2mConnection CRUD (CON-01)[2m > [22m[2mcreates, reads, updates, disables, and deletes a loose mapping with stable identity
[22m[39mWRANGNAROK_REQUEST {"method":"GET","route":"GET /api/connections","status":200,"durationMs":6}

[90mstdout[2m | test/cancel-confirmation.test.ts[2m > [22m[2mkeeps the 503 body free of native diagnostics and scoped to the owner
[22m[39mWRANGNAROK_REQUEST {"method":"POST","route":"POST /api/executions/bfd3046f0026e83ca5a8758e44343da234b30beebace81fd4beaff42121af575/cancel","status":503,"durationMs":22}

[90mstdout[2m | test/connections.test.ts[2m > [22m[2mConnection CRUD (CON-01)[2m > [22m[2mcreates, reads, updates, disables, and deletes a loose mapping with stable identity
[22m[39mWRANGNAROK_REQUEST {"method":"PUT","route":"PUT /api/connections/720b9ebf-9b6a-4eac-bae9-6ed22c970402","status":200,"durationMs":15}

uncaught exception; source = Uncaught (in promise); stack = Error: D1_ERROR: no such table: executions: SQLITE_ERROR
    at D1DatabaseSessionAlwaysPrimary._sendOrThrow (cloudflare-internal:d1-api:188:19)
    at cloudflare-internal:d1-api:440:19
    at prepareExecution (C:/Users/ThomasBray/AppData/Local/Temp/opencode/parity-con-01/src/executions.ts:208:15)
[90mstdout[2m | test/cancel-confirmation.test.ts[2m > [22m[2mkeeps the 503 body free of native diagnostics and scoped to the owner
[22m[39mWRANGNAROK_REQUEST {"method":"POST","route":"POST /api/executions/bfd3046f0026e83ca5a8758e44343da234b30beebace81fd4beaff42121af575/cancel","status":404,"durationMs":5}

[90mstdout[2m | test/connections.test.ts[2m > [22m[2mConnection CRUD (CON-01)[2m > [22m[2mcreates, reads, updates, disables, and deletes a loose mapping with stable identity
[22m[39mWRANGNAROK_REQUEST {"method":"DELETE","route":"DELETE /api/connections/720b9ebf-9b6a-4eac-bae9-6ed22c970402","status":200,"durationMs":17}

[90mstdout[2m | test/connections.test.ts[2m > [22m[2mConnection CRUD (CON-01)[2m > [22m[2mcreates, reads, updates, disables, and deletes a loose mapping with stable identity
[22m[39mWRANGNAROK_REQUEST {"method":"GET","route":"GET /api/connections/720b9ebf-9b6a-4eac-bae9-6ed22c970402","status":404,"durationMs":13}

uncaught exception; source = Uncaught (in promise); stack = Error: D1_ERROR: no such table: executions: SQLITE_ERROR
    at D1DatabaseSessionAlwaysPrimary._sendOrThrow (cloudflare-internal:d1-api:188:19)
    at cloudflare-internal:d1-api:440:19
    at prepareExecution (C:/Users/ThomasBray/AppData/Local/Temp/opencode/parity-con-01/src/executions.ts:208:15)
[90mstdout[2m | test/connections.test.ts[2m > [22m[2mConnection CRUD (CON-01)[2m > [22m[2mrefuses duplicates, unknown Integrations, and credential-shaped config
[22m[39mWRANGNAROK_REQUEST {"method":"POST","route":"POST /api/connections","status":201,"durationMs":8}

[90mstdout[2m | test/connections.test.ts[2m > [22m[2mConnection CRUD (CON-01)[2m > [22m[2mrefuses duplicates, unknown Integrations, and credential-shaped config
[22m[39mWRANGNAROK_REQUEST {"method":"POST","route":"POST /api/connections","status":409,"durationMs":5}

 [32m✓[39m test/cancel-confirmation.test.ts [2m([22m[2m6 tests[22m[2m)[22m[33m 1790[2mms[22m[39m
   [33m[2m✓[22m[39m reaches the native terminated state through the cancel route [33m 633[2mms[22m[39m
   [33m[2m✓[22m[39m confirms cancellation when the engine already settled natively [33m 428[2mms[22m[39m
[90mstdout[2m | test/connections.test.ts[2m > [22m[2mConnection CRUD (CON-01)[2m > [22m[2mrefuses duplicates, unknown Integrations, and credential-shaped config
[22m[39mWRANGNAROK_REQUEST {"method":"POST","route":"POST /api/connections","status":404,"durationMs":1}

 [32m✓[39m test/solutions-install.test.ts [2m([22m[2m11 tests[22m[2m)[22m[33m 1732[2mms[22m[39m
[90mstdout[2m | test/connections.test.ts[2m > [22m[2mConnection CRUD (CON-01)[2m > [22m[2mrefuses duplicates, unknown Integrations, and credential-shaped config
[22m[39mWRANGNAROK_REQUEST {"method":"POST","route":"POST /api/connections","status":400,"durationMs":1}

[90mstdout[2m | test/connections.test.ts[2m > [22m[2mConnection CRUD (CON-01)[2m > [22m[2mrefuses duplicates, unknown Integrations, and credential-shaped config
[22m[39mWRANGNAROK_REQUEST {"method":"POST","route":"POST /api/connections","status":400,"durationMs":2}

[90mstdout[2m | test/connections.test.ts[2m > [22m[2mConnection CRUD (CON-01)[2m > [22m[2mrejects managed-row writes with MANAGED_RESOURCE but keeps the test open
[22m[39mWRANGNAROK_REQUEST {"method":"PUT","route":"PUT /api/connections/720b9ebf-9b6a-4eac-bae9-6ed22c970402","status":409,"durationMs":8}

[90mstdout[2m | test/connections.test.ts[2m > [22m[2mConnection CRUD (CON-01)[2m > [22m[2mrejects managed-row writes with MANAGED_RESOURCE but keeps the test open
[22m[39mWRANGNAROK_REQUEST {"method":"DELETE","route":"DELETE /api/connections/720b9ebf-9b6a-4eac-bae9-6ed22c970402","status":409,"durationMs":6}

[90mstdout[2m | test/connections.test.ts[2m > [22m[2mConnection CRUD (CON-01)[2m > [22m[2mrejects managed-row writes with MANAGED_RESOURCE but keeps the test open
[22m[39mWRANGNAROK_REQUEST {"method":"GET","route":"GET /api/connections","status":200,"durationMs":8}

uncaught exception; source = Uncaught (in promise); stack = Error: D1_ERROR: no such table: executions: SQLITE_ERROR
    at D1DatabaseSessionAlwaysPrimary._sendOrThrow (cloudflare-internal:d1-api:188:19)
    at cloudflare-internal:d1-api:440:19
    at prepareExecution (C:/Users/ThomasBray/AppData/Local/Temp/opencode/parity-con-01/src/executions.ts:208:15)
uncaught exception; source = Uncaught (in promise); stack = Error: D1_ERROR: no such table: executions: SQLITE_ERROR
    at D1DatabaseSessionAlwaysPrimary._sendOrThrow (cloudflare-internal:d1-api:188:19)
    at cloudflare-internal:d1-api:440:19
    at prepareExecution (C:/Users/ThomasBray/AppData/Local/Temp/opencode/parity-con-01/src/executions.ts:208:15)
 [32m✓[39m test/echo-secretfields.test.ts [2m([22m[2m3 tests[22m[2m)[22m[33m 1761[2mms[22m[39m
   [33m[2m✓[22m[39m carries no secret-like material through echo API surfaces [33m 1550[2mms[22m[39m
[90mstdout[2m | test/connections.test.ts[2m > [22m[2mConnection CRUD (CON-01)[2m > [22m[2mscopes mappings per Organization: no cross-org reads, writes, or fallback
[22m[39mWRANGNAROK_REQUEST {"method":"GET","route":"GET /api/connections","status":200,"durationMs":8}

uncaught exception; source = Uncaught (in promise); stack = Error: D1_ERROR: no such table: executions: SQLITE_ERROR
    at D1DatabaseSessionAlwaysPrimary._sendOrThrow (cloudflare-internal:d1-api:188:19)
    at cloudflare-internal:d1-api:440:19
    at prepareExecution (C:/Users/ThomasBray/AppData/Local/Temp/opencode/parity-con-01/src/executions.ts:208:15)
[90mstdout[2m | test/connections.test.ts[2m > [22m[2mConnection CRUD (CON-01)[2m > [22m[2mscopes mappings per Organization: no cross-org reads, writes, or fallback
[22m[39mWRANGNAROK_REQUEST {"method":"GET","route":"GET /api/connections/720b9ebf-9b6a-4eac-bae9-6ed22c970402","status":404,"durationMs":4}

[90mstdout[2m | test/connections.test.ts[2m > [22m[2mConnection CRUD (CON-01)[2m > [22m[2mscopes mappings per Organization: no cross-org reads, writes, or fallback
[22m[39mWRANGNAROK_REQUEST {"method":"PUT","route":"PUT /api/connections/720b9ebf-9b6a-4eac-bae9-6ed22c970402","status":404,"durationMs":10}

[90mstdout[2m | test/connections.test.ts[2m > [22m[2mConnection CRUD (CON-01)[2m > [22m[2mscopes mappings per Organization: no cross-org reads, writes, or fallback
[22m[39mWRANGNAROK_REQUEST {"method":"POST","route":"POST /api/connections","status":201,"durationMs":12}

[90mstdout[2m | test/connections.test.ts[2m > [22m[2mConnection health (CON-01)[2m > [22m[2mpasses the echo test and proves reachability for ninjaone without secret values
[22m[39mWRANGNAROK_REQUEST {"method":"POST","route":"POST /api/connections/720b9ebf-9b6a-4eac-bae9-6ed22c970402/test","status":200,"durationMs":6}

[90mstdout[2m | test/connections.test.ts[2m > [22m[2mConnection health (CON-01)[2m > [22m[2mpasses the echo test and proves reachability for ninjaone without secret values
[22m[39mWRANGNAROK_REQUEST {"method":"POST","route":"POST /api/connections/0606e237-137b-4629-8346-85468e1c2df6/test","status":200,"durationMs":11}

[90mstdout[2m | test/connections.test.ts[2m > [22m[2mConnection health (CON-01)[2m > [22m[2mfails loud on missing mappings, disabled mappings, and missing credentials
[22m[39mWRANGNAROK_REQUEST {"method":"POST","route":"POST /api/connections/720b9ebf-9b6a-4eac-bae9-6ed22c970402/test","status":424,"durationMs":20}

[90mstdout[2m | test/connections.test.ts[2m > [22m[2mConnection health (CON-01)[2m > [22m[2mfails loud on missing mappings, disabled mappings, and missing credentials
[22m[39mWRANGNAROK_REQUEST {"method":"POST","route":"POST /api/connections/720b9ebf-9b6a-4eac-bae9-6ed22c970402/test","status":404,"durationMs":25}

[90mstdout[2m | test/connections.test.ts[2m > [22m[2mConnection health (CON-01)[2m > [22m[2mfails loud on missing mappings, disabled mappings, and missing credentials
[22m[39mWRANGNAROK_REQUEST {"method":"POST","route":"POST /api/connections/0606e237-137b-4629-8346-85468e1c2df6/test","status":502,"durationMs":12}

[90mstdout[2m | test/connections.test.ts[2m > [22m[2mConnection health (CON-01)[2m > [22m[2mrejects unauthorized test callers
[22m[39mWRANGNAROK_REQUEST {"method":"POST","route":"POST /api/connections/720b9ebf-9b6a-4eac-bae9-6ed22c970402/test","status":401,"durationMs":1}

[90mstdout[2m | test/connections.test.ts[2m > [22m[2mConnection redaction (CON-01)[2m > [22m[2mcarries no secret material through any management payload
[22m[39mWRANGNAROK_REQUEST {"method":"GET","route":"GET /api/integrations","status":200,"durationMs":1}

[90mstdout[2m | test/connections.test.ts[2m > [22m[2mConnection redaction (CON-01)[2m > [22m[2mcarries no secret material through any management payload
[22m[39mWRANGNAROK_REQUEST {"method":"GET","route":"GET /api/connections","status":200,"durationMs":9}

[90mstdout[2m | test/connections.test.ts[2m > [22m[2mConnection redaction (CON-01)[2m > [22m[2mcarries no secret material through any management payload
[22m[39mWRANGNAROK_REQUEST {"method":"GET","route":"GET /api/connections/720b9ebf-9b6a-4eac-bae9-6ed22c970402","status":200,"durationMs":21}

[90mstdout[2m | test/connections.test.ts[2m > [22m[2mConnection redaction (CON-01)[2m > [22m[2mcarries no secret material through any management payload
[22m[39mWRANGNAROK_REQUEST {"method":"POST","route":"POST /api/connections/720b9ebf-9b6a-4eac-bae9-6ed22c970402/test","status":200,"durationMs":17}

[90mstdout[2m | test/connections.test.ts[2m > [22m[2mConnection redaction (CON-01)[2m > [22m[2mcarries no secret material through any management payload
[22m[39mWRANGNAROK_REQUEST {"method":"PUT","route":"PUT /api/connections/720b9ebf-9b6a-4eac-bae9-6ed22c970402","status":200,"durationMs":24}

uncaught exception; source = Uncaught (in promise); stack = Error: D1_ERROR: no such table: executions: SQLITE_ERROR
    at D1DatabaseSessionAlwaysPrimary._sendOrThrow (cloudflare-internal:d1-api:188:19)
    at cloudflare-internal:d1-api:440:19
    at prepareExecution (C:/Users/ThomasBray/AppData/Local/Temp/opencode/parity-con-01/src/executions.ts:208:15)
uncaught exception; source = Uncaught (in promise); stack = Error: D1_ERROR: no such table: executions: SQLITE_ERROR
    at async doWrapper (file:///C:/Users/ThomasBray/AppData/Local/Temp/opencode/parity-con-01/node_modules/miniflare/dist/src/workers/workflows/binding.worker.js:13525:53)
    at async Context.do (file:///C:/Users/ThomasBray/AppData/Local/Temp/opencode/parity-con-01/node_modules/miniflare/dist/src/workers/workflows/binding.worker.js:13789:17)
uncaught exception; source = Uncaught (in promise); stack = Error: D1_ERROR: no such table: operations: SQLITE_ERROR
    at D1DatabaseSessionAlwaysPrimary._sendOrThrow (cloudflare-internal:d1-api:188:19)
    at cloudflare-internal:d1-api:137:19
    at failExecution (C:/Users/ThomasBray/AppData/Local/Temp/opencode/parity-con-01/src/executions.ts:266:3)
uncaught exception; source = Uncaught (in promise); stack = Error: D1_ERROR: no such table: executions: SQLITE_ERROR
    at D1DatabaseSessionAlwaysPrimary._sendOrThrow (cloudflare-internal:d1-api:188:19)
    at cloudflare-internal:d1-api:440:19
    at prepareExecution (C:/Users/ThomasBray/AppData/Local/Temp/opencode/parity-con-01/src/executions.ts:208:15)
uncaught exception; source = Uncaught (in promise); stack = Error: D1_ERROR: no such table: executions: SQLITE_ERROR
    at async doWrapper (file:///C:/Users/ThomasBray/AppData/Local/Temp/opencode/parity-con-01/node_modules/miniflare/dist/src/workers/workflows/binding.worker.js:13525:53)
    at async Context.do (file:///C:/Users/ThomasBray/AppData/Local/Temp/opencode/parity-con-01/node_modules/miniflare/dist/src/workers/workflows/binding.worker.js:13789:17)
uncaught exception; source = Uncaught (in promise); stack = Error: D1_ERROR: no such table: operations: SQLITE_ERROR
    at D1DatabaseSessionAlwaysPrimary._sendOrThrow (cloudflare-internal:d1-api:188:19)
    at cloudflare-internal:d1-api:137:19
    at failExecution (C:/Users/ThomasBray/AppData/Local/Temp/opencode/parity-con-01/src/executions.ts:266:3)
 [32m✓[39m test/connections.test.ts [2m([22m[2m11 tests[22m[2m)[22m[33m 2033[2mms[22m[39m
uncaught exception; source = Uncaught (in promise); stack = Error: Engine was never started
    at Engine.getStatus (file:///C:/Users/ThomasBray/AppData/Local/Temp/opencode/parity-con-01/node_modules/miniflare/dist/src/workers/workflows/binding.worker.js:14493:15)
uncaught exception; source = Uncaught (in promise); stack = Error: Engine was never started
    at Engine.getStatus (file:///C:/Users/ThomasBray/AppData/Local/Temp/opencode/parity-con-01/node_modules/miniflare/dist/src/workers/workflows/binding.worker.js:14493:15)
uncaught exception; source = Uncaught (in promise); stack = Error: instance.not_found
    at WorkflowBinding.get (file:///C:/Users/ThomasBray/AppData/Local/Temp/opencode/parity-con-01/node_modules/miniflare/dist/src/workers/workflows/binding.worker.js:15150:13)
[90mstdout[2m | test/hello.test.ts[2m > [22m[2mruns the hello pilot end to end: prepare, pure greet, persisted success
[22m[39mWRANGNAROK_REQUEST {"method":"GET","route":"GET /api/sagas","status":200,"durationMs":5}

[90mstdout[2m | test/hello.test.ts[2m > [22m[2mruns the hello pilot end to end: prepare, pure greet, persisted success
[22m[39mWRANGNAROK_REQUEST {"method":"POST","route":"POST /api/executions","status":202,"durationMs":98}

uncaught exception; exception = workerd/io/io-context.c++:1642: failed: jsg.Error: The Workers runtime canceled this request because it detected that your Worker's code had hung and would never generate a response. Refer to: https://developers.cloudflare.com/workers/observability/errors/
stack: 7ff6c4549690
[90mstdout[2m | test/hello.test.ts[2m > [22m[2mruns the hello pilot end to end: prepare, pure greet, persisted success
[22m[39mWRANGNAROK_REQUEST {"method":"GET","route":"GET /api/executions/f603dd0af8f60cc67ebce27475a6aa6c2f6788ef5b2571c7d76364caf3c09623","status":200,"durationMs":38}

[90mstdout[2m | test/hello.test.ts[2m > [22m[2mruns the hello pilot end to end: prepare, pure greet, persisted success
[22m[39mWRANGNAROK_REQUEST {"method":"GET","route":"GET /api/executions","status":200,"durationMs":7}

[90mstdout[2m | test/execution-guards.test.ts[2m > [22m[2mserves 404 for non-API routes when no assets binding exists
[22m[39mWRANGNAROK_REQUEST {"method":"GET","route":"static","status":404,"durationMs":0}

[90mstdout[2m | test/smoke.test.ts[2m > [22m[2mrejects non-empty system.smoke input
[22m[39mWRANGNAROK_REQUEST {"method":"POST","route":"POST /api/executions","status":400,"durationMs":1}

[90mstdout[2m | test/execution-guards.test.ts[2m > [22m[2mdelegates non-API routes to the assets binding when present
[22m[39mWRANGNAROK_REQUEST {"method":"GET","route":"static","status":404,"durationMs":5}

[90mstdout[2m | test/hello.test.ts[2m > [22m[2mrejects empty and non-string hello names
[22m[39mWRANGNAROK_REQUEST {"method":"POST","route":"POST /api/executions","status":400,"durationMs":1}

[90mstdout[2m | test/hello.test.ts[2m > [22m[2mrejects empty and non-string hello names
[22m[39mWRANGNAROK_REQUEST {"method":"POST","route":"POST /api/executions","status":400,"durationMs":4}

[90mstdout[2m | test/execution-guards.test.ts[2m > [22m[2mmaps corrupt persisted input to an internal error, never a leak
[22m[39mWRANGNAROK_REQUEST {"method":"GET","route":"GET /api/executions/efefefefefefefefefefefefefefefefefefefefefefefefefefefefefefefef","status":500,"durationMs":87}

[90mstdout[2m | test/hello.test.ts[2m > [22m[2mrejects empty and non-string hello names
[22m[39mWRANGNAROK_REQUEST {"method":"POST","route":"POST /api/executions","status":400,"durationMs":0}

[90mstdout[2m | test/execution-guards.test.ts[2m > [22m[2mrequires unencoded JSON on submission
[22m[39mWRANGNAROK_REQUEST {"method":"POST","route":"POST /api/executions","status":415,"durationMs":1}

[90mstdout[2m | test/execution-guards.test.ts[2m > [22m[2mrequires unencoded JSON on submission
[22m[39mWRANGNAROK_REQUEST {"method":"POST","route":"POST /api/executions","status":415,"durationMs":1}

[90mstdout[2m | test/execution-guards.test.ts[2m > [22m[2mrejects missing idempotency keys and malformed JSON bodies
[22m[39mWRANGNAROK_REQUEST {"method":"POST","route":"POST /api/executions","status":400,"durationMs":1}

 [32m✓[39m test/hello.test.ts [2m([22m[2m2 tests[22m[2m)[22m[33m 554[2mms[22m[39m
   [33m[2m✓[22m[39m runs the hello pilot end to end: prepare, pure greet, persisted success [33m 497[2mms[22m[39m
[90mstdout[2m | test/execution-guards.test.ts[2m > [22m[2mrejects missing idempotency keys and malformed JSON bodies
[22m[39mWRANGNAROK_REQUEST {"method":"POST","route":"POST /api/executions","status":400,"durationMs":1}

[90mstdout[2m | test/execution-guards.test.ts[2m > [22m[2mreports dispatch confirmation failures as retryable 503s
[22m[39mWRANGNAROK_REQUEST {"method":"POST","route":"POST /api/executions","status":503,"durationMs":31}

 [32m✓[39m test/execution-guards.test.ts [2m([22m[2m9 tests[22m[2m)[22m[33m 925[2mms[22m[39m
[90mstdout[2m | test/dev-preview.test.ts[2m > [22m[2mDEV-02 read-only preview route[2m > [22m[2mpreviews without registration: authoritative parse, no writes, no dispatch
[22m[39mWRANGNAROK_REQUEST {"method":"POST","route":"POST /api/dev/preview","status":200,"durationMs":5}

[90mstdout[2m | test/dev-preview.test.ts[2m > [22m[2mDEV-02 read-only preview route[2m > [22m[2mpreviews without registration: authoritative parse, no writes, no dispatch
[22m[39mWRANGNAROK_REQUEST {"method":"GET","route":"GET /api/executions","status":200,"durationMs":17}

[90mstdout[2m | test/dev-preview.test.ts[2m > [22m[2mDEV-02 read-only preview route[2m > [22m[2mfails invalid preview input exactly as submit would
[22m[39mWRANGNAROK_REQUEST {"method":"POST","route":"POST /api/dev/preview","status":400,"durationMs":7}

[90mstdout[2m | test/dev-preview.test.ts[2m > [22m[2mDEV-02 read-only preview route[2m > [22m[2mfails invalid preview input exactly as submit would
[22m[39mWRANGNAROK_REQUEST {"method":"POST","route":"POST /api/dev/preview","status":400,"durationMs":6}

[90mstdout[2m | test/dev-preview.test.ts[2m > [22m[2mDEV-02 read-only preview route[2m > [22m[2mfails invalid preview input exactly as submit would
[22m[39mWRANGNAROK_REQUEST {"method":"POST","route":"POST /api/dev/preview","status":400,"durationMs":1}

[90mstdout[2m | test/dev-preview.test.ts[2m > [22m[2mDEV-02 read-only preview route[2m > [22m[2mchecks the environment only on explicit opt-in, same org only
[22m[39mWRANGNAROK_REQUEST {"method":"POST","route":"POST /api/dev/preview","status":200,"durationMs":5}

[90mstdout[2m | test/dev-preview.test.ts[2m > [22m[2mDEV-02 read-only preview route[2m > [22m[2mchecks the environment only on explicit opt-in, same org only
[22m[39mWRANGNAROK_REQUEST {"method":"POST","route":"POST /api/dev/preview","status":200,"durationMs":19}

[90mstdout[2m | test/dev-preview.test.ts[2m > [22m[2mDEV-02 read-only preview route[2m > [22m[2mchecks the environment only on explicit opt-in, same org only
[22m[39mWRANGNAROK_REQUEST {"method":"POST","route":"POST /api/dev/preview","status":200,"durationMs":9}

[90mstdout[2m | test/dev-preview.test.ts[2m > [22m[2mDEV-02 read-only preview route[2m > [22m[2mkeeps the same caller policy as the UI
[22m[39mWRANGNAROK_REQUEST {"method":"POST","route":"POST /api/dev/preview","status":401,"durationMs":0}

[90mstdout[2m | test/dev-preview.test.ts[2m > [22m[2mDEV-02 read-only preview route[2m > [22m[2mkeeps the same caller policy as the UI
[22m[39mWRANGNAROK_REQUEST {"method":"POST","route":"POST /api/dev/preview","status":401,"durationMs":1}

[90mstdout[2m | test/dev-preview.test.ts[2m > [22m[2mDEV-02 read-only preview route[2m > [22m[2mrejects non-JSON transport, non-object bodies, and bad opt-in flags
[22m[39mWRANGNAROK_REQUEST {"method":"POST","route":"POST /api/dev/preview","status":415,"durationMs":0}

[90mstdout[2m | test/dev-preview.test.ts[2m > [22m[2mDEV-02 read-only preview route[2m > [22m[2mrejects non-JSON transport, non-object bodies, and bad opt-in flags
[22m[39mWRANGNAROK_REQUEST {"method":"POST","route":"POST /api/dev/preview","status":400,"durationMs":1}

[90mstdout[2m | test/dev-preview.test.ts[2m > [22m[2mDEV-02 read-only preview route[2m > [22m[2mrejects non-JSON transport, non-object bodies, and bad opt-in flags
[22m[39mWRANGNAROK_REQUEST {"method":"POST","route":"POST /api/dev/preview","status":400,"durationMs":1}

[90mstdout[2m | test/cancel-race.test.ts[2m > [22m[2manswers the losing racer idempotently while the winner is terminating
[22m[39mWRANGNAROK_REQUEST {"method":"POST","route":"POST /api/executions","status":202,"durationMs":46}

[90mstdout[2m | test/cancel-race.test.ts[2m > [22m[2manswers the losing racer idempotently while the winner is terminating
[22m[39mWRANGNAROK_REQUEST {"method":"POST","route":"POST /api/executions/160ebac77cb1681ee893359d7106cb014b10b95135731314cbfc7603abdde567/cancel","status":200,"durationMs":24}

 [32m✓[39m test/smoke.test.ts [2m([22m[2m2 tests[22m[2m)[22m[33m 745[2mms[22m[39m
   [33m[2m✓[22m[39m runs the loopback-free system.smoke saga end to end with a usage block [33m 669[2mms[22m[39m
[90mstdout[2m | test/cancel-race.test.ts[2m > [22m[2manswers the losing racer idempotently while the winner is terminating
[22m[39mWRANGNAROK_REQUEST {"method":"POST","route":"POST /api/executions/160ebac77cb1681ee893359d7106cb014b10b95135731314cbfc7603abdde567/cancel","status":200,"durationMs":53}

[90mstdout[2m | test/cancel-race.test.ts[2m > [22m[2mrejects the losing racer once the winner has terminally cancelled
[22m[39mWRANGNAROK_REQUEST {"method":"POST","route":"POST /api/executions","status":202,"durationMs":32}

[90mstdout[2m | test/cancel-race.test.ts[2m > [22m[2mrejects the losing racer once the winner has terminally cancelled
[22m[39mWRANGNAROK_REQUEST {"method":"POST","route":"POST /api/executions/f767116d176dc57a784eb9c8625f427acaddcf7ec054dcb99dc32f68544ba355/cancel","status":200,"durationMs":44}

[90mstdout[2m | test/cancel-race.test.ts[2m > [22m[2mrejects the losing racer once the winner has terminally cancelled
[22m[39mWRANGNAROK_REQUEST {"method":"POST","route":"POST /api/executions/f767116d176dc57a784eb9c8625f427acaddcf7ec054dcb99dc32f68544ba355/cancel","status":409,"durationMs":93}

 [32m✓[39m test/cancel-race.test.ts [2m([22m[2m2 tests[22m[2m)[22m[33m 486[2mms[22m[39m
 [32m✓[39m test/solutions-validation.test.ts [2m([22m[2m12 tests[22m[2m)[22m[33m 1428[2mms[22m[39m
 [32m✓[39m test/dev-preview.test.ts [2m([22m[2m15 tests[22m[2m)[22m[33m 872[2mms[22m[39m
uncaught exception; source = Uncaught (in promise); stack = Error: Engine was never started
    at Engine.getStatus (file:///C:/Users/ThomasBray/AppData/Local/Temp/opencode/parity-con-01/node_modules/miniflare/dist/src/workers/workflows/binding.worker.js:14493:15)
uncaught exception; source = Uncaught (in promise); stack = Error: Engine was never started
    at Engine.getStatus (file:///C:/Users/ThomasBray/AppData/Local/Temp/opencode/parity-con-01/node_modules/miniflare/dist/src/workers/workflows/binding.worker.js:14493:15)
uncaught exception; source = Uncaught (in promise); stack = Error: instance.not_found
    at WorkflowBinding.get (file:///C:/Users/ThomasBray/AppData/Local/Temp/opencode/parity-con-01/node_modules/miniflare/dist/src/workers/workflows/binding.worker.js:15150:13)
uncaught exception; source = Uncaught (in promise); stack = Error: Engine was never started
    at Engine.getStatus (file:///C:/Users/ThomasBray/AppData/Local/Temp/opencode/parity-con-01/node_modules/miniflare/dist/src/workers/workflows/binding.worker.js:14493:15)
uncaught exception; source = Uncaught (in promise); stack = Error: Engine was never started
    at Engine.getStatus (file:///C:/Users/ThomasBray/AppData/Local/Temp/opencode/parity-con-01/node_modules/miniflare/dist/src/workers/workflows/binding.worker.js:14493:15)
uncaught exception; source = Uncaught (in promise); stack = Error: instance.not_found
    at WorkflowBinding.get (file:///C:/Users/ThomasBray/AppData/Local/Temp/opencode/parity-con-01/node_modules/miniflare/dist/src/workers/workflows/binding.worker.js:15150:13)
uncaught exception; exception = workerd/io/io-context.c++:1642: failed: jsg.Error: The Workers runtime canceled this request because it detected that your Worker's code had hung and would never generate a response. Refer to: https://developers.cloudflare.com/workers/observability/errors/
stack: 7ff6c4549690
uncaught exception; exception = workerd/io/io-context.c++:1642: failed: jsg.Error: The Workers runtime canceled this request because it detected that your Worker's code had hung and would never generate a response. Refer to: https://developers.cloudflare.com/workers/observability/errors/
stack: 7ff6c4549690
[90mstdout[2m | test/execution-detail.test.tsx[2m > [22m[2mexecution detail + history traversal over the real Worker[2m > [22m[2mserves bounded detail with Operations and honors owner scoping
[22m[39mWRANGNAROK_REQUEST {"method":"GET","route":"GET /api/executions/42c169c3921ae6045f2d83a82b2e99ffab8b0e52ce777b322d53439959e88171","status":200,"durationMs":118}

[90mstdout[2m | test/execution-detail.test.tsx[2m > [22m[2mexecution detail + history traversal over the real Worker[2m > [22m[2mserves bounded detail with Operations and honors owner scoping
[22m[39mWRANGNAROK_REQUEST {"method":"GET","route":"GET /api/executions/42c169c3921ae6045f2d83a82b2e99ffab8b0e52ce777b322d53439959e88171","status":404,"durationMs":7}

[90mstdout[2m | test/execution-detail.test.tsx[2m > [22m[2mexecution detail + history traversal over the real Worker[2m > [22m[2mdenies foreign cancellation with 404 and keeps the row
[22m[39mWRANGNAROK_REQUEST {"method":"POST","route":"POST /api/executions/50f6605d856377c27c34a19bf8fcb12a71785a94f69e89595e1c07b8a6cf415a/cancel","status":404,"durationMs":9}

[90mstdout[2m | test/execution-detail.test.tsx[2m > [22m[2mexecution detail + history traversal over the real Worker[2m > [22m[2mtraverses multi-page history with cursor + filters through the worker
[22m[39mWRANGNAROK_REQUEST {"method":"GET","route":"GET /api/executions","status":200,"durationMs":9}

[90mstdout[2m | test/execution-detail.test.tsx[2m > [22m[2mexecution detail + history traversal over the real Worker[2m > [22m[2mtraverses multi-page history with cursor + filters through the worker
[22m[39mWRANGNAROK_REQUEST {"method":"GET","route":"GET /api/executions","status":200,"durationMs":17}

[90mstdout[2m | test/execution-detail.test.tsx[2m > [22m[2mexecution detail + history traversal over the real Worker[2m > [22m[2mtraverses multi-page history with cursor + filters through the worker
[22m[39mWRANGNAROK_REQUEST {"method":"GET","route":"GET /api/executions","status":200,"durationMs":6}

[90mstdout[2m | test/execution-detail.test.tsx[2m > [22m[2mexecution detail + history traversal over the real Worker[2m > [22m[2msurfaces expired native history as runtime-unavailable without inventing status
[22m[39mWRANGNAROK_REQUEST {"method":"GET","route":"GET /api/executions/8ddf6d2bf07b6cd967e78f181e5c3538364adc34fe225ecdfc67cb61360eb760","status":200,"durationMs":97}

 [32m✓[39m test/execution-detail.test.tsx [2m([22m[2m10 tests[22m[2m)[22m[33m 1071[2mms[22m[39m
     [33m[2m✓[22m[39m serves bounded detail with Operations and honors owner scoping [33m 312[2mms[22m[39m
 [32m✓[39m test/integration-faults.test.ts [2m([22m[2m10 tests[22m[2m)[22m[32m 112[2mms[22m[39m
 [32m✓[39m test/apps-ui.test.tsx [2m([22m[2m3 tests[22m[2m)[22m[32m 76[2mms[22m[39m
 [32m✓[39m test/usage.test.ts [2m([22m[2m2 tests[22m[2m)[22m[32m 197[2mms[22m[39m
[90mstdout[2m | test/history.test.ts[2m > [22m[2mlists history newest-first with hasMore and a null cursor when complete
[22m[39mWRANGNAROK_REQUEST {"method":"GET","route":"GET /api/executions","status":200,"durationMs":18}

[90mstdout[2m | test/history.test.ts[2m > [22m[2mfilters by status
[22m[39mWRANGNAROK_REQUEST {"method":"GET","route":"GET /api/executions","status":200,"durationMs":5}

[90mstdout[2m | test/history.test.ts[2m > [22m[2mfilters by status
[22m[39mWRANGNAROK_REQUEST {"method":"GET","route":"GET /api/executions","status":200,"durationMs":4}

[90mstdout[2m | test/history.test.ts[2m > [22m[2mfilters by status
[22m[39mWRANGNAROK_REQUEST {"method":"GET","route":"GET /api/executions","status":200,"durationMs":10}

[90mstdout[2m | test/history.test.ts[2m > [22m[2mfilters by multi-status, saga name, and date bounds
[22m[39mWRANGNAROK_REQUEST {"method":"GET","route":"GET /api/executions","status":200,"durationMs":7}

[90mstdout[2m | test/history.test.ts[2m > [22m[2mfilters by multi-status, saga name, and date bounds
[22m[39mWRANGNAROK_REQUEST {"method":"GET","route":"GET /api/executions","status":200,"durationMs":7}

[90mstdout[2m | test/history.test.ts[2m > [22m[2mfilters by multi-status, saga name, and date bounds
[22m[39mWRANGNAROK_REQUEST {"method":"GET","route":"GET /api/executions","status":200,"durationMs":8}

[90mstdout[2m | test/history.test.ts[2m > [22m[2mfilters by multi-status, saga name, and date bounds
[22m[39mWRANGNAROK_REQUEST {"method":"GET","route":"GET /api/executions","status":200,"durationMs":12}

[90mstdout[2m | test/history.test.ts[2m > [22m[2mfilters by multi-status, saga name, and date bounds
[22m[39mWRANGNAROK_REQUEST {"method":"GET","route":"GET /api/executions","status":200,"durationMs":4}

[90mstdout[2m | test/history.test.ts[2m > [22m[2mfilters by multi-status, saga name, and date bounds
[22m[39mWRANGNAROK_REQUEST {"method":"GET","route":"GET /api/executions","status":200,"durationMs":4}

[90mstdout[2m | test/history.test.ts[2m > [22m[2mfilters by multi-status, saga name, and date bounds
[22m[39mWRANGNAROK_REQUEST {"method":"GET","route":"GET /api/executions","status":200,"durationMs":8}

[90mstdout[2m | test/history.test.ts[2m > [22m[2mfilters by saga and combines both filters
[22m[39mWRANGNAROK_REQUEST {"method":"GET","route":"GET /api/executions","status":200,"durationMs":5}

[90mstdout[2m | test/history.test.ts[2m > [22m[2mfilters by saga and combines both filters
[22m[39mWRANGNAROK_REQUEST {"method":"GET","route":"GET /api/executions","status":200,"durationMs":6}

[90mstdout[2m | test/history.test.ts[2m > [22m[2mfilters by saga and combines both filters
[22m[39mWRANGNAROK_REQUEST {"method":"GET","route":"GET /api/executions","status":200,"durationMs":7}

[90mstdout[2m | test/history.test.ts[2m > [22m[2mpaginates with limit plus opaque cursors and no overlap
[22m[39mWRANGNAROK_REQUEST {"method":"GET","route":"GET /api/executions","status":200,"durationMs":7}

[90mstdout[2m | test/history.test.ts[2m > [22m[2mpaginates with limit plus opaque cursors and no overlap
[22m[39mWRANGNAROK_REQUEST {"method":"GET","route":"GET /api/executions","status":200,"durationMs":6}

[90mstdout[2m | test/history.test.ts[2m > [22m[2mpaginates with limit plus opaque cursors and no overlap
[22m[39mWRANGNAROK_REQUEST {"method":"GET","route":"GET /api/executions","status":200,"durationMs":4}

[90mstdout[2m | test/history.test.ts[2m > [22m[2mrejects bad filters with machine-readable codes
[22m[39mWRANGNAROK_REQUEST {"method":"GET","route":"GET /api/executions","status":400,"durationMs":4}

[90mstdout[2m | test/history.test.ts[2m > [22m[2mrejects bad filters with machine-readable codes
[22m[39mWRANGNAROK_REQUEST {"method":"GET","route":"GET /api/executions","status":400,"durationMs":1}

[90mstdout[2m | test/history.test.ts[2m > [22m[2mrejects bad filters with machine-readable codes
[22m[39mWRANGNAROK_REQUEST {"method":"GET","route":"GET /api/executions","status":400,"durationMs":1}

[90mstdout[2m | test/history.test.ts[2m > [22m[2mrejects bad filters with machine-readable codes
[22m[39mWRANGNAROK_REQUEST {"method":"GET","route":"GET /api/executions","status":400,"durationMs":1}

[90mstdout[2m | test/history.test.ts[2m > [22m[2mrejects bad filters with machine-readable codes
[22m[39mWRANGNAROK_REQUEST {"method":"GET","route":"GET /api/executions","status":400,"durationMs":1}

[90mstdout[2m | test/history.test.ts[2m > [22m[2mrejects bad filters with machine-readable codes
[22m[39mWRANGNAROK_REQUEST {"method":"GET","route":"GET /api/executions","status":400,"durationMs":0}

[90mstdout[2m | test/history.test.ts[2m > [22m[2mrejects bad filters with machine-readable codes
[22m[39mWRANGNAROK_REQUEST {"method":"GET","route":"GET /api/executions","status":400,"durationMs":2}

[90mstdout[2m | test/history.test.ts[2m > [22m[2mrejects bad filters with machine-readable codes
[22m[39mWRANGNAROK_REQUEST {"method":"GET","route":"GET /api/executions","status":400,"durationMs":1}

[90mstdout[2m | test/history.test.ts[2m > [22m[2mrejects bad filters with machine-readable codes
[22m[39mWRANGNAROK_REQUEST {"method":"GET","route":"GET /api/executions","status":400,"durationMs":0}

[90mstdout[2m | test/history.test.ts[2m > [22m[2mrejects bad filters with machine-readable codes
[22m[39mWRANGNAROK_REQUEST {"method":"GET","route":"GET /api/executions","status":400,"durationMs":0}

[90mstdout[2m | test/history.test.ts[2m > [22m[2mrejects bad filters with machine-readable codes
[22m[39mWRANGNAROK_REQUEST {"method":"GET","route":"GET /api/executions","status":400,"durationMs":1}

[90mstdout[2m | test/history.test.ts[2m > [22m[2mrejects bad filters with machine-readable codes
[22m[39mWRANGNAROK_REQUEST {"method":"GET","route":"GET /api/executions","status":400,"durationMs":4}

[90mstdout[2m | test/history.test.ts[2m > [22m[2mrejects bad filters with machine-readable codes
[22m[39mWRANGNAROK_REQUEST {"method":"GET","route":"GET /api/executions","status":400,"durationMs":0}

[90mstdout[2m | test/history.test.ts[2m > [22m[2mstill rejects query strings on every other route
[22m[39mWRANGNAROK_REQUEST {"method":"GET","route":"GET /api/sagas","status":400,"durationMs":0}

[90mstdout[2m | test/history.test.ts[2m > [22m[2mstill rejects query strings on every other route
[22m[39mWRANGNAROK_REQUEST {"method":"POST","route":"POST /api/executions","status":400,"durationMs":0}

 [32m✓[39m test/connections-ui.test.tsx [2m([22m[2m2 tests[22m[2m)[22m[32m 71[2mms[22m[39m
 [32m✓[39m test/history.test.ts [2m([22m[2m7 tests[22m[2m)[22m[33m 900[2mms[22m[39m
[90mstdout[2m | test/ui-shell.test.tsx[2m > [22m[2menforces gray-out server-side: unmapped /api/* is UNIMPLEMENTED, not NOT_FOUND
[22m[39mWRANGNAROK_REQUEST {"method":"GET","route":"GET /api/dashboard","status":501,"durationMs":5}

 [32m✓[39m test/ui-shell.test.tsx [2m([22m[2m3 tests[22m[2m)[22m[32m 75[2mms[22m[39m
 [32m✓[39m test/saga-contract.test.ts [2m([22m[2m9 tests[22m[2m)[22m[32m 56[2mms[22m[39m
 [32m✓[39m test/sagas-catalog.test.tsx [2m([22m[2m2 tests[22m[2m)[22m[32m 75[2mms[22m[39m
 [32m✓[39m test/mailbox.test.ts [2m([22m[2m9 tests[22m[2m)[22m[32m 33[2mms[22m[39m
 [32m✓[39m test/domain.test.ts [2m([22m[2m11 tests[22m[2m)[22m[32m 37[2mms[22m[39m
 [32m✓[39m test/integrations.test.ts [2m([22m[2m6 tests[22m[2m)[22m[32m 19[2mms[22m[39m
 [32m✓[39m test/history-view.test.tsx [2m([22m[2m13 tests[22m[2m)[22m[32m 170[2mms[22m[39m
 [32m✓[39m test/migration-bridge.test.ts [2m([22m[2m6 tests[22m[2m)[22m[32m 25[2mms[22m[39m
 [32m✓[39m test/scanner-edge.test.ts [2m([22m[2m12 tests[22m[2m)[22m[32m 28[2mms[22m[39m
 [32m✓[39m test/secret-scrub.test.ts [2m([22m[2m5 tests[22m[2m)[22m[32m 17[2mms[22m[39m
 [32m✓[39m test/form-binding.test.ts [2m([22m[2m2 tests[22m[2m)[22m[32m 5[2mms[22m[39m

[2m Test Files [22m [1m[32m41 passed[39m[22m[90m (41)[39m
[2m      Tests [22m [1m[32m307 passed[39m[22m[90m (307)[39m
[2m   Start at [22m 16:36:58
[2m   Duration [22m 63.90s[2m (transform 23.23s, setup 0ms, import 70.39s, tests 59.79s, environment 13ms)[22m

[34m % [39m[2mCoverage report from [22m[33mistanbul[39m
------------------|---------|----------|---------|---------|--------------------
File              | % Stmts | % Branch | % Funcs | % Lines | Uncovered Line #s  
------------------|---------|----------|---------|---------|--------------------
All files         |   95.22 |    93.03 |   99.01 |   96.49 |                    
 src              |    95.5 |    93.43 |   98.79 |   97.21 |                    
  access.ts       |   91.42 |    89.55 |     100 |   94.73 | 82,90,93           
  apps.ts         |   95.27 |    95.09 |   96.55 |   95.14 | ...497,573-574,581 
  auth.ts         |     100 |      100 |     100 |     100 |                    
  connections.ts  |    83.2 |    70.09 |     100 |   92.45 | ...295,343,366,370 
  dev.ts          |   94.48 |    94.87 |   94.44 |   95.61 | 65,232,276-277,393 
  domain.ts       |   99.39 |    97.69 |     100 |   99.35 | 456                
  executions.ts   |    96.8 |    95.16 |     100 |   97.67 | 144-145            
  forms.ts        |   97.26 |     98.3 |     100 |   98.48 | 100                
  index.ts        |   94.81 |    94.66 |     100 |   97.76 | 79,348-349,424     
  migration.ts    |   82.85 |    80.37 |   85.71 |   87.75 | ...307,313,319,323 
  saga.ts         |   99.46 |    99.34 |     100 |     100 | 451                
  sdk.ts          |      98 |    95.31 |     100 |   99.53 | 720                
  secrets.ts      |     100 |      100 |     100 |     100 |                    
  solutions.ts    |     100 |    98.18 |     100 |     100 | 251,267-270        
  usage.ts        |     100 |      100 |     100 |     100 |                    
 src/integrations |   89.62 |    88.94 |     100 |   88.88 |                    
  echo.ts         |     100 |      100 |     100 |     100 |                    
  index.ts        |   79.41 |    81.48 |     100 |   78.78 | ...315-320,323-328 
  ninjaone.ts     |   98.82 |    98.36 |     100 |   98.71 | 128                
 src/sagas        |   97.93 |    93.91 |     100 |   97.78 |                    
  digest.ts       |   96.96 |    93.75 |     100 |   96.72 | 76,123             
  echo.ts         |   97.72 |       95 |     100 |   97.56 | 61                 
  hello.ts        |      96 |     87.5 |     100 |   95.83 | 43                 
  index.ts        |     100 |      100 |     100 |     100 |                    
  ninjaorgs.ts    |   97.61 |       95 |     100 |   97.43 | 66                 
  shared.ts       |     100 |      100 |     100 |     100 |                    
  smoke.ts        |     100 |       92 |     100 |     100 | 134-136            
------------------|---------|----------|---------|---------|--------------------
ERROR: Coverage for branches (93.03%) does not meet global threshold (95%)
